question,answer
학과의 계열은 뭔가요?,각 학과에서 배우는 학문의 특성과 성격에 따라 따라 큰 틀로 구분한 것을 말합니다. 총 28개의 학과가 3개의 계열로 나뉘어져 있습니다.
학과 계열은 어떤게 있나요?,"공학계열, 인문사회계열, 예능계열으로 나누어 집니다."
공학계열은 어떤 학과가 있나요?,"기계공학과, 기계설계공학과, 메카트로닉스공학과, 조선기계공학과, 항공기계공학과, 자동차공학과, 전기공학과, 전자공학과, 정보통신공학과, 컴퓨터정보공학과, 컴퓨터시스템공학과, 건설환경공학과, 공간정보빅데이터학과, 건축학과, 실내건축학과, 화학생명공학과, 재료공학과, 반도체기계정비학과, 디지털마케팅공학과로 총 19개의 학과가 속해있습니다."
인문사회계열은 어떤 학과가 있나요?,"항공운항과, 항공경영학과, 관광경영학과, 경영비서학과, 호텔경영학과, 물류시스템학과로 총 6개의 학과가 속해있습니다."
예능계열은 어떤 학과가 있나요?,"산업디자인학과, 패션디자인학과, 스포츠헬스케어학과로 총 3개의 학과가 속해있습니다."
입학전형은 어떤게 있나요?,"일반전형, 정원내 특별전형, 정원외 특별전형으로 총 3가지의 입학전형이 있습니다."
일반전형은 뭔가요?,"정시 모집시기에 지원하는 전형으로써, 수능성적을 바탕으로 입학을 지원하는 전형입니다."
정원내 특별전형은 뭔가요?,"수시 모집시기에 지원하는 전형으로써, 일반고 전형, 특성화고 전형, 어학 특기자 전형으로 3가지의 세부 전형을 포함하고 있습니다. 수시 1차와 수시 2차 모집시기에 지원 가능합니다."
정원외 특별전형은 뭔가요?,"수시와 정시 모집시기에 지원하는 전형으로써, 농어촌출신자, 수급자 및 차상위, 재외국민 및 외국인, 북한이탈주민, 전문대학 이상 졸업자 전형을 포함하고 있습니다. 일부 세부 전형은 수시 2차에만 지원 할 수 있으니 유의하시기 바랍니다."
일반고 전형은 뭔가요?,"수시 1차와 수시 2차 모집시기에 지원 가능하며, 일반과정 졸업(예정)자나 과학고, 외국어고, 국제고 졸업(예정)자, 검정고시 출신자가 지원할 수 있는 전형으로, 정확한 표현은 다음과 같습니다. 1 일반고(인문계)의 일반과정 졸업(예정)자 2 종합고, 학력인정평생교육시설, 대안학교 등의 일반과정 졸업(예정)자, 일반고 졸업(예정)자 중 위탁직업교육을 이수한 경우와 중점교육(체육, 음악, 미술 등)을 이수한 경우 3 특수목적고의 과학고, 국제고, 외국어고 졸업(예정)자 4. 검정고시 출신자"
정원내 특별전형에서 일반고 전형은 뭔가요?,"수시 1차와 수시 2차 모집시기에 지원 가능하며, 일반과정 졸업(예정)자나 과학고, 외국어고, 국제고 졸업(예정)자, 검정고시 출신자가 지원할 수 있는 전형으로, 정확한 표현은 다음과 같습니다. 1 일반고(인문계)의 일반과정 졸업(예정)자 2 종합고, 학력인정평생교육시설, 대안학교 등의 일반과정 졸업(예정)자, 일반고 졸업(예정)자 중 위탁직업교육을 이수한 경우와 중점교육(체육, 음악, 미술 등)을 이수한 경우 3 특수목적고의 과학고, 국제고, 외국어고 졸업(예정)자 4. 검정고시 출신자"
일반고 전형의 전형 방법은 어떻게 되나요?,"공학계열 학과와 산업디자인학과, 물류시스템학과, 스포츠헬스케어학과는 학생부 100%로 평가하며, 물류시스템학과를 제외한 인문사회계열 학과와 패션디자인학과는 학생부 40% + 면접 60%로 평가하고 있습니다."
일반고 전형의 평가 방법은 어떻게 되나요?,"공학계열 학과와 산업디자인학과, 물류시스템학과, 스포츠헬스케어학과는 학생부 100%로 평가하며, 물류시스템학과를 제외한 인문사회계열 학과와 패션디자인학과는 학생부 40% + 면접 60%로 평가하고 있습니다."
정원내 특별전형에서 일반고 전형의 평가 방법은 어떻게 되나요?,"공학계열 학과와 산업디자인학과, 물류시스템학과, 스포츠헬스케어학과는 학생부 100%로 평가하며, 물류시스템학과를 제외한 인문사회계열 학과와 패션디자인학과는 학생부 40% + 면접 60%로 평가하고 있습니다."
정원내 특별전형에서 일반고 전형의 전형 방법은 어떻게 되나요?,"공학계열 학과와 산업디자인학과, 물류시스템학과, 스포츠헬스케어학과는 학생부 100%로 평가하며, 물류시스템학과를 제외한 인문사회계열 학과와 패션디자인학과는 학생부 40% + 면접 60%로 평가하고 있습니다."
특성화고 전형은 뭔가요?,"수시 1차와 수시 2차 모집시기에 지원 가능하며, 전문과정 졸업(예정)자나  종합고, 학력인정평생교육시설이나 대안학교 등의 전문과정 졸업(예정)자, 예술고, 체육고, 마이스터고 졸업(예정)자가 지원할 수 있는 전형입니다. 상기 언급한 다른 유형의 고교는 지원할 수 없으니 유의하시기 바랍니다."
정원내 특별전형에서 특성화고 전형은 뭔가요?,"수시 1차와 수시 2차 모집시기에 지원 가능하며, 전문과정 졸업(예정)자나  종합고, 학력인정평생교육시설이나 대안학교 등의 전문과정 졸업(예정)자, 예술고, 체육고, 마이스터고 졸업(예정)자가 지원할 수 있는 전형입니다. 상기 언급한 다른 유형의 고교는 지원할 수 없으니 유의하시기 바랍니다."
특성화고 전형의 전형 방법은 어떻게 되나요?,"공학계열 학과와 산업디자인학과, 물류시스템학과, 스포츠헬스케어학과는 학생부 100%로 평가하며, 물류시스템학과를 제외한 인문사회계열 학과와 패션디자인학과는 학생부 40% + 면접 60%로 평가하고 있습니다."
특성화고 전형의 평가 방법은 어떻게 되나요?,"공학계열 학과와 산업디자인학과, 물류시스템학과, 스포츠헬스케어학과는 학생부 100%로 평가하며, 물류시스템학과를 제외한 인문사회계열 학과와 패션디자인학과는 학생부 40% + 면접 60%로 평가하고 있습니다."
정원내 특별전형에서 특성화고 전형의 평가 방법은 어떻게 되나요?,"공학계열 학과와 산업디자인학과, 물류시스템학과, 스포츠헬스케어학과는 학생부 100%로 평가하며, 물류시스템학과를 제외한 인문사회계열 학과와 패션디자인학과는 학생부 40% + 면접 60%로 평가하고 있습니다."
정원내 특별전형에서 특성화고 전형의 전형 방법은 어떻게 되나요?,"공학계열 학과와 산업디자인학과, 물류시스템학과, 스포츠헬스케어학과는 학생부 100%로 평가하며, 물류시스템학과를 제외한 인문사회계열 학과와 패션디자인학과는 학생부 40% + 면접 60%로 평가하고 있습니다."
어학 특기자 전형은 뭔가요?,"수시 1차와 수시 2차 모집시기에 지원 가능하며, 일정 조건 이상의 어학 성적 + 고등학교 졸업(예정)자 또는 법령에 의하여 이와 동등 이상의 학력이 있다고 인정을 가진 자가 지원할 수 있는 전형입니다. 어학 특기자 전형은 항공기계공학과와 항공운항과만 지원할 수 있으며, 영어일어 세부전형이 있습니다. 지원하려는 학과에 따라 요구되는 어학 성적 조건이 다르고, 성적은 다음과 같습니다. 항공기계공학과: TOEIC[600점 이상], TOEIC SPEAKING[120점 이상], TOEFL(iBT)[65점 이상], (New)TEPS[258점 이상], JPT[600점 이상] 항공운항과: TOEIC[700점 이상], TOEIC SPEAKING[130점 이상], TOEFL(iBT)[75점 이상], (New)TEPS[300점 이상], JPT[700점 이상]  원서접수 마감일을 기준으로 유효한 어학 성적만을 인정하며, 외국계고교 졸업자는 지원할 수 있으나 졸업예정자는 지원할 수 없을음 유의하시기 바랍니다."
어학 특기 전형은 뭔가요?,"수시 1차와 수시 2차 모집시기에 지원 가능하며, 일정 조건 이상의 어학 성적 + 고등학교 졸업(예정)자 또는 법령에 의하여 이와 동등 이상의 학력이 있다고 인정을 가진 자가 지원할 수 있는 전형입니다. 어학 특기자 전형은 항공기계공학과와 항공운항과만 지원할 수 있으며, 영어일어 세부전형이 있습니다. 지원하려는 학과에 따라 요구되는 어학 성적 조건이 다르고, 성적은 다음과 같습니다. 항공기계공학과: TOEIC[600점 이상], TOEIC SPEAKING[120점 이상], TOEFL(iBT)[65점 이상], (New)TEPS[258점 이상], JPT[600점 이상] 항공운항과: TOEIC[700점 이상], TOEIC SPEAKING[130점 이상], TOEFL(iBT)[75점 이상], (New)TEPS[300점 이상], JPT[700점 이상]  원서접수 마감일을 기준으로 유효한 어학 성적만을 인정하며, 외국계고교 졸업자는 지원할 수 있으나 졸업예정자는 지원할 수 없을음 유의하시기 바랍니다."
정원내 특별전형에서 어학 특기자 전형은 뭔가요?,"수시 1차와 수시 2차 모집시기에 지원 가능하며, 일정 조건 이상의 어학 성적 + 고등학교 졸업(예정)자 또는 법령에 의하여 이와 동등 이상의 학력이 있다고 인정을 가진 자가 지원할 수 있는 전형입니다. 어학 특기자 전형은 항공기계공학과와 항공운항과만 지원할 수 있으며, 영어일어 세부전형이 있습니다. 지원하려는 학과에 따라 요구되는 어학 성적 조건이 다르고, 성적은 다음과 같습니다. 항공기계공학과: TOEIC[600점 이상], TOEIC SPEAKING[120점 이상], TOEFL(iBT)[65점 이상], (New)TEPS[258점 이상], JPT[600점 이상] 항공운항과: TOEIC[700점 이상], TOEIC SPEAKING[130점 이상], TOEFL(iBT)[75점 이상], (New)TEPS[300점 이상], JPT[700점 이상]  원서접수 마감일을 기준으로 유효한 어학 성적만을 인정하며, 외국계고교 졸업자는 지원할 수 있으나 졸업예정자는 지원할 수 없을음 유의하시기 바랍니다."
어학 특기자 전형의 전형 방법은 어떻게 되나요?,"항공기계공학과는 서류 100%로 평가하며, 항공운항과는 면접 100%로 평가하고 있습니다."
어학 특기자 전형의 평가 방법은 어떻게 되나요?,"항공기계공학과는 서류 100%로 평가하며, 항공운항과는 면접 100%로 평가하고 있습니다."
정원내 특별전형에서 어학 특기자 전형의 평가 방법은 어떻게 되나요?,"항공기계공학과는 서류 100%로 평가하며, 항공운항과는 면접 100%로 평가하고 있습니다."
정원내 특별전형에서 어학 특기자 전형의 전형 방법은 어떻게 되나요?,"항공기계공학과는 서류 100%로 평가하며, 항공운항과는 면접 100%로 평가하고 있습니다."
일반전형은 뭔가요?,"정시 모집시기에 지원 가능하며, 고등학교 졸업(예정)자 또는 법령에 의하여 이와 동등이상의 학력이 있다고 인정된 자 + 2024학년도 수능 응시자가 지원 가능한 전형입니다."
일반전형의 전형 방법은 어떻게 되나요?,"공학계열 학과와 산업디자인학과, 물류시스템학과, 스포츠헬스케어학과는 수능 100%로 평가하며, 물류시스템학과를 제외한 인문사회계열 학과와 패션디자인학과는 수능 40% + 면접 60%로 평가하고 있습니다."
일반전형의 평가 방법은 어떻게 되나요?,"공학계열 학과와 산업디자인학과, 물류시스템학과, 스포츠헬스케어학과는 수능 100%로 평가하며, 물류시스템학과를 제외한 인문사회계열 학과와 패션디자인학과는 수능 40% + 면접 60%로 평가하고 있습니다."
일반고 전형과 일반전형은 다른가요?,"일반고 전형은 수시 1, 2차 모집시기에 수시 성적으로 지원하는 전형으로써, 수시 > 정원내 특별전형에 속하므로 일반 전형과는 다릅니다. 일반전형은 정시 모집시기에 정시 성적으로 지원하는 전형입니다."
입학 시 면접을 시행하는 학과가 있나요?,"2023년 기준, 항공운항과, 항공경영학과, 관광경영학과, 경영비서학과, 호텔경영학과, 패션디자인학과가 시행하고 있습니다."
수급자 및 차상위 전형은 뭔가요?,"수사 2차와 정시 모집기간에 지원하는 전형으로써, 「국민기초생활보장법」법령에 따른 기초생활수급자 및 차상위계층자 본인 혹은 자녀이면서 고등학교 졸업(예정)자인 자가 지원하는 전형입니다."
정원외 특별전형에서 수급자 및 차상위 전형은 뭔가요?,"수사 2차와 정시 모집기간에 지원하는 전형으로써, 「국민기초생활보장법」법령에 따른 기초생활수급자 및 차상위계층자 본인 혹은 자녀이면서 고등학교 졸업(예정)자인 자가 지원하는 전형입니다."
수급자 전형은 뭔가요?,"수사 2차와 정시 모집기간에 지원하는 전형으로써, 「국민기초생활보장법」법령에 따른 기초생활수급자 및 차상위계층자 본인 혹은 자녀이면서 고등학교 졸업(예정)자인 자가 지원하는 전형입니다."
차상위 전형은 뭔가요?,"수사 2차와 정시 모집기간에 지원하는 전형으로써, 「국민기초생활보장법」법령에 따른 기초생활수급자 및 차상위계층자 본인 혹은 자녀이면서 고등학교 졸업(예정)자인 자가 지원하는 전형입니다."
수급자 및 차상위 전형의 평가 방법은 어떻게 되나요?,"수시 2차에 해당 전형으로 지원시, 공학계열 학과와 산업디자인학과, 물류시스템학과, 스포츠헬스케어학과는 학생부 100%로 평가하며, 물류시스템학과를 제외한 인문사회계열 학과와 패션디자인학과는 학생부 40% + 면접 60%로 평가하고 있습니다. 정시 모집기간에 해당 전형으로 지원시 공학계열 학과와 산업디자인학과, 물류시스템학과, 스포츠헬스케어학과는 수능 100%로 평가하며, 물류시스템학과를 제외한 인문사회계열 학과와 패션디자인학과는 수능 40% + 면접 60%로 평가하고 있습니다."
수급자 및 차상위 전형의 전형 방법은 어떻게 되나요?,"수시 2차에 해당 전형으로 지원시, 공학계열 학과와 산업디자인학과, 물류시스템학과, 스포츠헬스케어학과는 학생부 100%로 평가하며, 물류시스템학과를 제외한 인문사회계열 학과와 패션디자인학과는 학생부 40% + 면접 60%로 평가하고 있습니다. 정시 모집기간에 해당 전형으로 지원시 공학계열 학과와 산업디자인학과, 물류시스템학과, 스포츠헬스케어학과는 수능 100%로 평가하며, 물류시스템학과를 제외한 인문사회계열 학과와 패션디자인학과는 수능 40% + 면접 60%로 평가하고 있습니다."
정원외 특별전형에서 수급자 및 차상위 전형의 평가 방법은 어떻게 되나요?,"수시 2차에 해당 전형으로 지원시, 공학계열 학과와 산업디자인학과, 물류시스템학과, 스포츠헬스케어학과는 학생부 100%로 평가하며, 물류시스템학과를 제외한 인문사회계열 학과와 패션디자인학과는 학생부 40% + 면접 60%로 평가하고 있습니다. 정시 모집기간에 해당 전형으로 지원시 공학계열 학과와 산업디자인학과, 물류시스템학과, 스포츠헬스케어학과는 수능 100%로 평가하며, 물류시스템학과를 제외한 인문사회계열 학과와 패션디자인학과는 수능 40% + 면접 60%로 평가하고 있습니다."
정원외 특별전형에서 수급자 및 차상위 전형의 전형 방법은 어떻게 되나요?,"수시 2차에 해당 전형으로 지원시, 공학계열 학과와 산업디자인학과, 물류시스템학과, 스포츠헬스케어학과는 학생부 100%로 평가하며, 물류시스템학과를 제외한 인문사회계열 학과와 패션디자인학과는 학생부 40% + 면접 60%로 평가하고 있습니다. 정시 모집기간에 해당 전형으로 지원시 공학계열 학과와 산업디자인학과, 물류시스템학과, 스포츠헬스케어학과는 수능 100%로 평가하며, 물류시스템학과를 제외한 인문사회계열 학과와 패션디자인학과는 수능 40% + 면접 60%로 평가하고 있습니다."
수급자 전형의 평가 방법은 어떻게 되나요?,"수시 2차에 해당 전형으로 지원시, 공학계열 학과와 산업디자인학과, 물류시스템학과, 스포츠헬스케어학과는 학생부 100%로 평가하며, 물류시스템학과를 제외한 인문사회계열 학과와 패션디자인학과는 학생부 40% + 면접 60%로 평가하고 있습니다. 정시 모집기간에 해당 전형으로 지원시 공학계열 학과와 산업디자인학과, 물류시스템학과, 스포츠헬스케어학과는 수능 100%로 평가하며, 물류시스템학과를 제외한 인문사회계열 학과와 패션디자인학과는 수능 40% + 면접 60%로 평가하고 있습니다."
수급자 전형의 전형 방법은 어떻게 되나요?,"수시 2차에 해당 전형으로 지원시, 공학계열 학과와 산업디자인학과, 물류시스템학과, 스포츠헬스케어학과는 학생부 100%로 평가하며, 물류시스템학과를 제외한 인문사회계열 학과와 패션디자인학과는 학생부 40% + 면접 60%로 평가하고 있습니다. 정시 모집기간에 해당 전형으로 지원시 공학계열 학과와 산업디자인학과, 물류시스템학과, 스포츠헬스케어학과는 수능 100%로 평가하며, 물류시스템학과를 제외한 인문사회계열 학과와 패션디자인학과는 수능 40% + 면접 60%로 평가하고 있습니다."
차상위 전형의 평가 방법은 어떻게 되나요?,"수시 2차에 해당 전형으로 지원시, 공학계열 학과와 산업디자인학과, 물류시스템학과, 스포츠헬스케어학과는 학생부 100%로 평가하며, 물류시스템학과를 제외한 인문사회계열 학과와 패션디자인학과는 학생부 40% + 면접 60%로 평가하고 있습니다. 정시 모집기간에 해당 전형으로 지원시 공학계열 학과와 산업디자인학과, 물류시스템학과, 스포츠헬스케어학과는 수능 100%로 평가하며, 물류시스템학과를 제외한 인문사회계열 학과와 패션디자인학과는 수능 40% + 면접 60%로 평가하고 있습니다."
차상위 전형의 전형 방법은 어떻게 되나요?,"수시 2차에 해당 전형으로 지원시, 공학계열 학과와 산업디자인학과, 물류시스템학과, 스포츠헬스케어학과는 학생부 100%로 평가하며, 물류시스템학과를 제외한 인문사회계열 학과와 패션디자인학과는 학생부 40% + 면접 60%로 평가하고 있습니다. 정시 모집기간에 해당 전형으로 지원시 공학계열 학과와 산업디자인학과, 물류시스템학과, 스포츠헬스케어학과는 수능 100%로 평가하며, 물류시스템학과를 제외한 인문사회계열 학과와 패션디자인학과는 수능 40% + 면접 60%로 평가하고 있습니다."
농어촌 전형은 뭔가요?,"수시 2차와 정시 모집시기에 지원하는 전형으로써, 다음중 하나의 유형에 해당하는 자가 지원하는 전형입니다. 1. 농어촌(읍･면)지역 또는 도서·벽지 지역 소재 중·고등학교의 교육과정(6년)을 연속으로 이수했으며 재학기간 중 본인 및 부·모 모두가 농어촌(읍･면)지역 또는 도서·벽지 지역에 거주한 자  2. 농어촌(읍･면)지역 또는 도서·벽지 지역 소재 초·중·고등학교의 전 교육과정(12년)을 연속으로 이수했으며 재학기간 중 본인이 농어촌(읍･면)지역 또는 도서·벽지 지역에 거주한 자  검정고시 및 특수목적고 출신자는 지원 불가합니다. "
농어촌 출신 전형은 뭔가요?,"수시 2차와 정시 모집시기에 지원하는 전형으로써, 다음중 하나의 유형에 해당하는 자가 지원하는 전형입니다. 1. 농어촌(읍･면)지역 또는 도서·벽지 지역 소재 중·고등학교의 교육과정(6년)을 연속으로 이수했으며 재학기간 중 본인 및 부·모 모두가 농어촌(읍･면)지역 또는 도서·벽지 지역에 거주한 자  2. 농어촌(읍･면)지역 또는 도서·벽지 지역 소재 초·중·고등학교의 전 교육과정(12년)을 연속으로 이수했으며 재학기간 중 본인이 농어촌(읍･면)지역 또는 도서·벽지 지역에 거주한 자  검정고시 및 특수목적고 출신자는 지원 불가합니다. "
정원외 특별전형에서 농어촌 출신 전형은 뭔가요?,"수시 2차와 정시 모집시기에 지원하는 전형으로써, 다음중 하나의 유형에 해당하는 자가 지원하는 전형입니다. 1. 농어촌(읍･면)지역 또는 도서·벽지 지역 소재 중·고등학교의 교육과정(6년)을 연속으로 이수했으며 재학기간 중 본인 및 부·모 모두가 농어촌(읍･면)지역 또는 도서·벽지 지역에 거주한 자  2. 농어촌(읍･면)지역 또는 도서·벽지 지역 소재 초·중·고등학교의 전 교육과정(12년)을 연속으로 이수했으며 재학기간 중 본인이 농어촌(읍･면)지역 또는 도서·벽지 지역에 거주한 자  검정고시 및 특수목적고 출신자는 지원 불가합니다. "
농어촌 전형의 전형 방법은 어떻게 되나요?,"수시 2차에 해당 전형으로 지원시, 공학계열 학과와 산업디자인학과, 물류시스템학과, 스포츠헬스케어학과는 학생부 100%로 평가하며, 물류시스템학과를 제외한 인문사회계열 학과와 패션디자인학과는 학생부 40% + 면접 60%로 평가하고 있습니다. 정시 모집기간에 해당 전형으로 지원시 공학계열 학과와 산업디자인학과, 물류시스템학과, 스포츠헬스케어학과는 수능 100%로 평가하며, 물류시스템학과를 제외한 인문사회계열 학과와 패션디자인학과는 수능 40% + 면접 60%로 평가하고 있습니다."
농어촌 전형의 평가 방법은 어떻게 되나요?,"수시 2차에 해당 전형으로 지원시, 공학계열 학과와 산업디자인학과, 물류시스템학과, 스포츠헬스케어학과는 학생부 100%로 평가하며, 물류시스템학과를 제외한 인문사회계열 학과와 패션디자인학과는 학생부 40% + 면접 60%로 평가하고 있습니다. 정시 모집기간에 해당 전형으로 지원시 공학계열 학과와 산업디자인학과, 물류시스템학과, 스포츠헬스케어학과는 수능 100%로 평가하며, 물류시스템학과를 제외한 인문사회계열 학과와 패션디자인학과는 수능 40% + 면접 60%로 평가하고 있습니다."
농어촌 출신 전형의 평가 방법은 어떻게 되나요?,"수시 2차에 해당 전형으로 지원시, 공학계열 학과와 산업디자인학과, 물류시스템학과, 스포츠헬스케어학과는 학생부 100%로 평가하며, 물류시스템학과를 제외한 인문사회계열 학과와 패션디자인학과는 학생부 40% + 면접 60%로 평가하고 있습니다. 정시 모집기간에 해당 전형으로 지원시 공학계열 학과와 산업디자인학과, 물류시스템학과, 스포츠헬스케어학과는 수능 100%로 평가하며, 물류시스템학과를 제외한 인문사회계열 학과와 패션디자인학과는 수능 40% + 면접 60%로 평가하고 있습니다."
농어촌 출신 전형희 전형 방법은 어떻게 되나요?,"수시 2차에 해당 전형으로 지원시, 공학계열 학과와 산업디자인학과, 물류시스템학과, 스포츠헬스케어학과는 학생부 100%로 평가하며, 물류시스템학과를 제외한 인문사회계열 학과와 패션디자인학과는 학생부 40% + 면접 60%로 평가하고 있습니다. 정시 모집기간에 해당 전형으로 지원시 공학계열 학과와 산업디자인학과, 물류시스템학과, 스포츠헬스케어학과는 수능 100%로 평가하며, 물류시스템학과를 제외한 인문사회계열 학과와 패션디자인학과는 수능 40% + 면접 60%로 평가하고 있습니다."
정원외 특별전형에서 농어촌 출신 전형의 평가 방법은 어떻게 되나요?,"수시 2차에 해당 전형으로 지원시, 공학계열 학과와 산업디자인학과, 물류시스템학과, 스포츠헬스케어학과는 학생부 100%로 평가하며, 물류시스템학과를 제외한 인문사회계열 학과와 패션디자인학과는 학생부 40% + 면접 60%로 평가하고 있습니다. 정시 모집기간에 해당 전형으로 지원시 공학계열 학과와 산업디자인학과, 물류시스템학과, 스포츠헬스케어학과는 수능 100%로 평가하며, 물류시스템학과를 제외한 인문사회계열 학과와 패션디자인학과는 수능 40% + 면접 60%로 평가하고 있습니다."
정원외 특별전형에서 농어촌 출신 전형의 전형 방법은 어떻게 되나요?,"수시 2차에 해당 전형으로 지원시, 공학계열 학과와 산업디자인학과, 물류시스템학과, 스포츠헬스케어학과는 학생부 100%로 평가하며, 물류시스템학과를 제외한 인문사회계열 학과와 패션디자인학과는 학생부 40% + 면접 60%로 평가하고 있습니다. 정시 모집기간에 해당 전형으로 지원시 공학계열 학과와 산업디자인학과, 물류시스템학과, 스포츠헬스케어학과는 수능 100%로 평가하며, 물류시스템학과를 제외한 인문사회계열 학과와 패션디자인학과는 수능 40% + 면접 60%로 평가하고 있습니다."
전문대이상 졸업자 전형은 뭔가요?,"수시 1차와 2차, 정시 모집시기에 지원하는 전형으로써, 전문대학 또는 대학교 졸업(예정)자가 지원하는 전형입니다. 다음과 같은 조건을 만족해야 합니다. 1. 4년제 대학(산업대학, 교육대학, 원격대학 및 이에 준하는 학력인정 학교)에서 2학년 또는 3학년 이상의 교육과정을 이수한 자로 총 취득학점 80학점 이상인 자 2. 전문대 수료자인 경우 3년제를 수료하지 않은 자 3. 해외대학 졸업예정자가 아닌 자 (졸업자는 가능)  위의 조건을 만족한다면 출신학과와 상관없이 지원이 가능합니다."
정원외 특별전형에서 전문대이상 졸업자 전형은 뭔가요?,"수시 1차와 2차, 정시 모집시기에 지원하는 전형으로써, 전문대학 또는 대학교 졸업(예정)자가 지원하는 전형입니다. 다음과 같은 조건을 만족해야 합니다. 1. 4년제 대학(산업대학, 교육대학, 원격대학 및 이에 준하는 학력인정 학교)에서 2학년 또는 3학년 이상의 교육과정을 이수한 자로 총 취득학점 80학점 이상인 자 2. 전문대 수료자인 경우 3년제를 수료하지 않은 자 3. 해외대학 졸업예정자가 아닌 자 (졸업자는 가능)  위의 조건을 만족한다면 출신학과와 상관없이 지원이 가능합니다."
전문대이상 졸업자 전형의 평가 방법은 어떻게 되나요?,"수시 2차와 정시 모두 공학계열 학과와 산업디자인학과, 물류시스템학과, 스포츠헬스케어학과는 서류 100%로 평가하며, 물류시스템학과를 제외한 인문사회계열 학과와 패션디자인학과는 면접 100%로 평가하고 있습니다."
전문대이상 졸업자 전형의 전형 방법은 어떻게 되나요?,"수시 2차와 정시 모두 공학계열 학과와 산업디자인학과, 물류시스템학과, 스포츠헬스케어학과는 서류 100%로 평가하며, 물류시스템학과를 제외한 인문사회계열 학과와 패션디자인학과는 면접 100%로 평가하고 있습니다."
정원외 특별전형에서 전문대이상 졸업자 전형의 평가 방법은 어떻게 되나요?,"수시 2차와 정시 모두 공학계열 학과와 산업디자인학과, 물류시스템학과, 스포츠헬스케어학과는 서류 100%로 평가하며, 물류시스템학과를 제외한 인문사회계열 학과와 패션디자인학과는 면접 100%로 평가하고 있습니다."
정원외 특별전형에서 전문대이상 졸업자 전형의 전형 방법은 어떻게 되나요?,"수시 2차와 정시 모두 공학계열 학과와 산업디자인학과, 물류시스템학과, 스포츠헬스케어학과는 서류 100%로 평가하며, 물류시스템학과를 제외한 인문사회계열 학과와 패션디자인학과는 면접 100%로 평가하고 있습니다."
학사학위 전공심화과정이 뭔가요?,우리대학 전공심화과정을 통해 4년제 학사학위를 취득할 수 있는 제도 입니다.
학사학위 전공심화과정 시행학과는 어떤 학과가 있나요?,"2023년 기준, 자동차공학과, 항공기계공학과, 컴퓨터정보공학과, 컴퓨터시스템공학과, 토목환경공학과, 건축공학과, 실내건축학과 입니다."
수시원서 개수에 제한이 있나요?,"우리 대학은 전문대학으로, 수시 원서 개수 제한에 포함되지 않습니다."
전문대학도 수시 원서 개수에 포함이 되나요?,"우리 대학은 전문대학으로, 수시 원서 개수 제한에 포함되지 않습니다."
정시원서 개수에 제한이 있나요?,"우리 대학은 전문대학으로, 정시 원서 개수 제한에 포함되지 않습니다."
전문대학도 정시 원서 개수에 포함이 되나요?,"우리 대학은 전문대학으로, 정시 원서 개수 제한에 포함되지 않습니다."
어떤 학과가 있나요?,"우리대학은 총 9개의 학부, 28개의 학과가 있습니다. (신설 4개학과에 따라 학부 추가 수정해야함!!!!!!)  기계공학부: 기계공학과, 기계설계공학과, 메카트로닉스공학과 수송기계학부: 조선기계공학과, 항공기계공학과, 자동차공학과 정보산업공학부: 전기공학과, 전자공학과, 정보통신공학과 컴퓨터정보공학부: 컴퓨터정보공학과, 컴퓨터시스템공학과 지구환경공학부: 건설환경공학과, 공간정보빅데이터학과 건축학부: 건축학과, 실내건축학과 신소재공학부: 화학생명공학과, 재료공학과 서비스학부: 항공운항과, 항공경영학과, 관경경영학과, 경영비서학과, 호텔경영학과 디자인학부: 산업디자인학과, 패션디자인학과"
인하공업전문대학에는 어떤 학과가 있나요?,"우리대학은 총 9개의 학부, 28개의 학과가 있습니다. (신설 4개학과에 따라 학부 추가 수정해야함!!!!!!)  기계공학부: 기계공학과, 기계설계공학과, 메카트로닉스공학과 수송기계학부: 조선기계공학과, 항공기계공학과, 자동차공학과 정보산업공학부: 전기공학과, 전자공학과, 정보통신공학과 컴퓨터정보공학부: 컴퓨터정보공학과, 컴퓨터시스템공학과 지구환경공학부: 건설환경공학과, 공간정보빅데이터학과 건축학부: 건축학과, 실내건축학과 신소재공학부: 화학생명공학과, 재료공학과 서비스학부: 항공운항과, 항공경영학과, 관경경영학과, 경영비서학과, 호텔경영학과 디자인학부: 산업디자인학과, 패션디자인학과"
학과 별 학제는 어떻게 되나요?,"3년제 학과는 총 7개 학과로, 다음과 같습니다. 건축학과, 공간정보빅데이터학과, 메카트로닉스공학과, 실내건축학과, 컴퓨터정보공학과, 컴퓨터시스템공학과, 항공기계공학과   2년제 학과는 총 21개 학과로, 다음과 같습니다. 건설환경공학과, 경영비서학과, 기계공학과, 기계설계공학과, 관경경영학과, 디지털마케팅공학과, 물류시스템학과, 반도체기계정비학과, 산업디자인학과, 스포츠헬스케어학과, 자동차공학과, 전기공학과, 전자공학과, 정보통신공학과, 조선기계공학과, 재료공학과, 패션디자인학과, 항공경영학과, 항공운항과, 호텔경영학과, 화학생명공학과 "
기계설계과는 어떤 과인가요?,"4차 산업혁명 시대를 이끌어 나갈 기계기술인 양성을 위해 기초부터 응용기술에 이르는 현장감 있는 강의와 실습을 진행합니다. 본과에서는 이론과 실습교육을 바탕으로 각종 기계의 작동원리, 기계부품의 설계, 제작기술 및 기계장비의 운전과 정비를 교육하고, 빠르게 디지털화되는 기계장비를 다룰 수 있도록 디지털전기전자관련 융복합 교육을 실시합니다."
기계설계과는 주로 어떤 과목을 배우나요?,"주요 교과목은 재료역학, 유체역학, 기계가공실습, CAD실습, 기계정비실습, 공조냉동, CNC가공실습 등이 있습니다."
기계설계과의 취업분야는 어떻게 되나요?,"기계설비 운전 및 정비, 기계 설계 및 가공, 공조내동 설비, 기계 자동화 설비, 기술직 공무원 등이 있습니다."
기계설계공학과는 어떤 과인가요?,"융합기술 기반의 제품설계, 제어, 생산 분야 이론 및 실습 교육을 통해 실제 산업현장에서 설계 및 생산 효율을 향상 시킬 수 있는 전문 기술인 양성을 목표로 하고 있습니다. 또한 폭 넓은 응용능력 향상을 위하여 공학설계, 생산가공, 계측제어, 응용설계 등 다양한 전공영역의 연계를 바탕으로 한 IT 기반의 기계설계 분야 이론과 실무 교육의 실시로 취업 영역을 확대해 나가고 있습니다."
기계설계공학과는 주로 어떤 과목을 배우나요?,"주요 교과목은 CAD모델링, 인간공학설계, 3차원모델링실습, 머시닝센터가공, 구조역학, 기계설계, 마이크로 제어 및 계측공학 등이 있습니다."
기계설계공학과의 취업분야는 어떻게 되나요?,"기계설계, 생산관리, 기계가공, 기계제어 등이 있습니다."
메카트로닉스공학과는 어떤 과인가요?,"산업 자동화를 위해 메카트로닉스공학과에서는 집중화 된 메카트로닉스 분야의 이론과 실습을 산업체 현장에 맞추어 교육을 실시하며, 생산설비 자동화를 위한 로봇 및 자동화시스템 설비기술, 제어시스템 설계기술, 기계/ 전자가 융합된 기술을 습득한 전문기술인 양성을 목표로 하고 있습니다."
메카트로닉스공학과는 주로 어떤 과목을 배우나요?,"주요 교과목은 공기압제어실습, PLC제어실습, 모터제어실습, 3D모델링실습, 자동화시스템제어실습, PC기반제어실습, 자동화프로그래밍실습 등이 있습니다."
메카트로닉스공학과의 취업분야는 어떻게 되나요?,"전기/전자, 기계설비, 자동화시스템 분야, 공장자동화시스템의 운용 및 컨트 롤러 개발 분야, 자동화기기의 개발 분야 , 산업설비, 유공압기계, 공정설계 분야, 메카트로닉스 인터페이스회로 설계 분야 등이 있습니다."
조선기계공학과는 어떤 과인가요?,"우리나라 국가산업의 근간이 되는 조선산업과 기계산업 분야의 전문기술인 양성을 위한 선박설계, 캐드실습 교육뿐 아니라 최근 신산업으로 부상하고 있는 해양레저분야 전문가 양성을 위하여 요트설계 및 수리정비 등 체계적인 이론 및 실습 교육을 실시하고 있습니다. 더불어 해군과의 협약에 따라 해군 기술부사관 전공반을 운영하고 있어 졸업 후 직업군인으로써의 길도 열려 있습니다."
조선기계공학과는 주로 어떤 과목을 배우나요?,"주요 교과목은 2차원/3차원캐드설계, 선박배관생산설계실습, 선박건조실습, 박용접실습, 선박구조설계실습, 함정내연기관, 3D프린팅과 부품제작 등이 있습니다."
조선기계공학과의 취업분야는 어떻게 되나요?,"선박건조, 선박기자재 및 부품생산, 일반기계/운반기계 생산설계 및 제작, 중/대형선박, 레저선박, 소형선박 생산 및 생산설계, 해군 기술부사관 등이 있습니다."
항공기계공학과는 어떤 과인가요?,"1976년 국내 최초로 설립되어 국내 항공정비분야를 선도하고 있는 Top Frontier 학과로 항공기술 이론과 실무를 겸비한 전문 항공기술인을 양성하고 있습니다. 이를 위해 복잡한 항공기 기체 및 엔진부터 항공기 운용에 필수적인 각종 계통은 물론, 최첨단 항공기에서 중요도가 높아지는 항공전자 분야의 정비 능력까지 갖출 수 있도록 다양한 이론과 실무교육 및 운항사의 현장실습을 통한 최고의 All-in-One 교육 커리큘럼을 제공하고 있습니다."
항공기계공학과는 주로 어떤 과목을 배우나요?,"주요 교과목은 항공법 및 항공정비일반, 항공역학 및 비행성능, 항공기 기체 이론 및 실습, 항공기 엔진 이론 및 실습, 항공 전기전자/계기 이론 및 실습, 항공기 계통(시스템), 항공 디지털 공학 및 데이터 통신 등이 있습니다."
항공기계공학과의 취업분야는 어떻게 되나요?,"항공기 정비, 항공기 제작, 무인기 제작 및 개발, 일반 기계정비 및 장비 운영, 군무원 및 부사관 등이 있습니다."
자동차공학과는 어떤 과인가요?,"고도의 첨단화된 자동차산업에 필요한 인재를 육성하고자 이에 적합한 전공이론을 교육하고, 이와 관련된 실험실습을 통하여 자동차 생산, 자동차 부품 시험 및 개발, 자동차 정비 관련 업무등을 수행할 수 있는 이론과 실무를 겸비한 자동차분야 전문기술인 양성을 목표로 합니다."
자동차공학과는 주로 어떤 과목을 배우나요?,"주요 교과목은 하이브리드전기자동차, 하이브리드고장진단, 전기 이론, 전기자동차실습, 기관 이론, 기관 실습, 섀시 이론, 섀시 실습, 부품 설계, 기관성능 및 배출가스 실습 등이 있습니다."
자동차공학과의 취업분야는 어떻게 되나요?,"자동차 정비 (A/S), CAD 설계, 자동차 부품 시험 및 개발 등이 있습니다."
전기공학과는 어떤 과인가요?,"전통적인 전기분야, 미래성장산업인 지능형 전력망과 신재생에너지 분야에 필요한 전력, 전기기기, 전기설비, 전기/전자 부품 등에 대한 실무 중심의 이론과 실습교육을 하고 있으며, 다양한 산업체와의 산학협동을 통하여 우수 전문기술인 양성을 목표로 하고 있습니다."
전기공학과는 주로 어떤 과목을 배우나요?,"주요 교과목은 회로이론, 전자기학, 전기기기, 전력전자, 송배전/발변전, 마이크로프로세서, 반도체 공정 등이 있습니다."
전기공학과의 취업분야는 어떻게 되나요?,"전기설비설계 및 유지보수, 플랜트 유지보수 및 운용, 반도체장비 유지보수 및 운용, 자동화설비 설계 및 유지보수, 전기제품설계 등이 있습니다."
전자공학과는 어떤 과인가요?,"『가전기기 하드웨어 · 반도체· 로봇 소프트웨어 개발 기술자』라는 인재양성유형 목표달성을 위해, 1) 모듈식 반도체 및 임베디드시스템 교육과 실무 중심인 현장실습을 통한 현장 중심 기술배양능력, 2) 인성교육과 영어능력 향상 프로그램을 통한 국제적인 역량배양능력, 3) SK하이닉스 주문식 교육 트랙을 통한 실무기술능력 배양 등을 배움으로써, 4차산업 혁명 시대에 맞는 기술변화에 능동적이고, 개방적인 교육시스템을 구축하여 첨단 전자산업 분야를 이끌어 갈 전문 공학인 인재를 양성합니다."
전자공학과는 주로 어떤 과목을 배우나요?,"주요 교과목은 전기자기학, 회로이론, 디지털공학, C언어, 전자회로, 임베디드시스템, 로봇공학 등이 있습니다."
전자공학과의 취업분야는 어떻게 되나요?,"SK하이닉스, 삼성전자, LG전자 등 대기업체, 가전기기 산업 분야의 연구 개발자, 전자 관련 업체 설계 및 시스템 개발 분야, 생산 기술자 및 관리자, 정보통신 관련 분야, 통신 및 방송 장비 개발 분야 등이 있습니다."
정보통신공학과는 어떤 과인가요?,"4차산업혁명에 대비하여 정보통신기기 하드웨어개발, 임베디드 소프트웨어 엔지니어링 직무분야의 국가직무능력표준(NCS)을 적용하여 현장중심의 정보통신 중급전문가 인재를 양성하는 것이다. 이러한 목표를 달성하기 위해 기초적인 코딩이론부터 IoT실무를 적용할 수 있는 신규 교과과정을 개발하여 S/W 및 H/W 개발 엔지니어 양성 교육을 실시하고 있습니다."
정보통신공학과는 주로 어떤 과목을 배우나요?,"주요 교과목은 RF공학 실습, 인터페이스 설계, PCB 설계 실습, 사물인터넷 실습, 네트워크 관리실습, 자바프로그래밍 응용, 서버 구축 실습 등이 있습니다."
정보통신공학과의 취업분야는 어떻게 되나요?,"정보통신기기 HW 설계 및 제조통신 모듈 설계 및 제조, 대규모 데이터 센터 보안 및 유지 보수, 빅데이터 처리, 정보통신기기 관련 유지 보수, 소프트웨어 개발 및 유지 보수, 반도체 설계 및 제조 공정 유지 보수 등이 있습니다."
컴퓨터정보공학과는 어떤 과인가요?,"4차 산업혁명시대를 이끄는 소프트웨어 전문인력을 양성하기 위하여 웹(Web) 프로그래머, 앱(App) 개발자, SI/SM 프로그래머, 빅데이터 개발자, IoT 개발자, 클라우드 운영 및 관리자 등의 세부 교육과정을 운영하고 있습니다. 컴퓨팅적 사고능력 함양을 위한 기본 교육부터 수요형 인재양성을 위해 프로젝트 중심으로 자신만의 소프트웨어를 만들어보며, 문제 해결 능력을 키우는 것에 중점을 둔 교육을 실시하고 있습니다. 또한 전공심화과정을 개설하여 고도화된 소프트웨어 기술들을 교육하고 있습니다."
컴퓨터정보공학과는 주로 어떤 과목을 배우나요?,"주요 교과목은 자료구조, 데이터베이스, 웹 프로그래밍, 모바일 프로그래밍, S/W 프로젝트, 인공지능, 클라우드 컴퓨팅 등이 있습니다."
컴퓨터정보공학과의 취업분야는 어떻게 되나요?,"Web 소프트웨어 개발분야, 모바일 프로그래밍 분야, 상용 소프트웨어 개발 분야, 시스템 운영자, 데이터베이스 관리 분야 등이 있습니다."
컴퓨터시스템공학과는 어떤 과인가요?,"4차 산업혁명시대에 대비한 HW와 SW 산업의 신기술과 고도화 기술을 학습할 수 있는 실무 지향 중심의 교육과정을 통해 산업 현장에 빠르게 적응할 수 있도록 하며, 창의적인 문제 해결 능력을 갖춰 경쟁력 있는 정보기술 능력을 보유한 인재를 양성합니다."
컴퓨터시스템공학과는 주로 어떤 과목을 배우나요?,"주요 교과목은 C프로그래밍, 파이선프로그래밍, 머신러닝기초, IoT임베디드오픈플랫폼, 데이터베이스, 시스템보안, 웹보안 등이 있습니다."
컴퓨터시스템공학과의 취업분야는 어떻게 되나요?,"임베디드시스템, 모바일시스템, 디지털 홈 네트워크, 네트워크 및 보안, 웹 서비스, 개발언어 및 인공지능, 정보보안 등이 있습니다."
건설환경공학과는 어떤 과인가요?,"건설환경 전 분야에 걸쳐 필요한 구조, 토질, 수리, 건설재료, 측량, 환경 분야에 대한 이론 및 실습 교육을 통해 건설환경 분야의 특성을 이해하고, 토목구조물을 설계 하여 국내외의 건설 산업에서 설계, 시공, 관리, 운영, 환경 등 전 분야에 걸쳐 활동할 수 있는 전문 인력을 양성합니다."
건설환경공학과는 주로 어떤 과목을 배우나요?,"주요 교과목은 응용역학, 토질역학, 철근콘크리트, 측량학, 상하수도, 수리학 등이 있습니다."
건설환경공학과의 취업분야는 어떻게 되나요?,"토목 설계회사, 토목 시공회사, 건설안전 진단회사, 토목 측량회사, 수질 및 대기 환경회사 등이 있습니다."
공간정보빅데이터학과는 어떤 과인가요?,"국내 최초로 GIS 전문인력 양성을 위해 설립된 특성화 학과로서 4차산업 혁명시대에 핵심적인 분야로 떠오르고 있는 공간빅데이터 전문가 양성을 교육목표로 하고 있습니다. 공간빅데이터 기반 ICT 융합을 통해 IoT, 디지털가상공간, 자동차 자율주행용 3차원 Map 제작과 관련한 교육을 시행하고 있습니다. 2017년 국토교통부 공간정보 인재양성 사업인 공간정보 특성화 전문대학에 선정되어 최고의 공간정보산업 교육체계 기반의 현장중심 실무교육을 실시해 오고 있습니다. 2022학년부터는 3년제 학과로서 새롭게 빅데이터 분석 및 GIS시스템 개발자 교육을 강화할 예정입니다. 이 외에도 3D모델링 전문가, 드론공간정보처리 등과 관련된 직무 교육에 역점을 둠으로써 우리나라 최고의 공간정보 빅데이터 전문가 양성을 목표로 하고 있습니다."
공간정보빅데이터학과는 주로 어떤 과목을 배우나요?,"주요 교과목은 GIS 기초실습, 드론영상처리실습, Web GIS 실습, 빅데이터프로그래밍실습, 공간정보모바일프로그래밍, 공간정보스프림프레임워크, MMS 정밀도로지도제작실습 등이 있습니다."
공간정보빅데이터학과의 취업분야는 어떻게 되나요?,"GIS 전문 공간정보 처리 및 분석 업체, 정보처리 및 시스템 개발 업체, 항공(드론) 사진측량 및 지도제작 업체, GIS 관련 정부기관 및 지방자치단체 (공무원), 빅데이터처리 및 분석 업체 등이 있습니다."
건축학과는 어떤 과인가요?,"창의성을 기반으로 하는 설계 교육 및 BIM 교육, 현장 에서 필요로 하는 관련 법규와 계획, 구조, 설비, 시공 등 다양한 디지털 매체를 활용한 입체적이고 최신의 공법과 실무 교육을 통해 산업 현장에서 필요로 하는 능력을 갖춘 전문 건축 전문기술인 양성을 목표로 합니다."
건축학과는 주로 어떤 과목을 배우나요?,"주요 교과목은 GIS 건축계획, 건축설계, 건축시공, 건축구조, 건축설비, 건축법규, BIM 등이 있습니다."
건축학과의 취업분야는 어떻게 되나요?,"종합(전문)건설업, 건축설계, 건축구조설계, 건축설비설계, BIM 등이 있습니다."
실내건축학과는 어떤 과인가요?,"종합적이고 균형 잡힌 실내건축인의 양성을 목적으로 설계와 시공에 중점을 두고 교육을 하고 있으며 창의적인 공간 설계와 완벽한 시공 실무의 적용에 중점을 두고 있습니다. 또한 이를 가능케 하기 위한 다양한 컴퓨터 프로그램의 활용 교육, 일대일 스튜디오 방식의 디자인 교육, 현장감 있는 시공 실습 교육을 통해 21세기를 선도할 수 있는 건강한 실내 건축인의 양성에 힘쓰고 있습니다."
실내건축학과는 주로 어떤 과목을 배우나요?,"주요 교과목은 졸업설계 스튜디오, 캡스톤 디자인 설계 스튜디오, 전시공간 설계 스튜디오, 상업공간 설계 스튜디오, 주거공간 설계 스튜디오, 실내시공 마감재 실습, 실내건축 캐드, 맥스, 스케치 업 등이 있습니다."
실내건축학과의 취업분야는 어떻게 되나요?,"실내건축 설계 사무소, 건축설계 사무소, 실내 건축 시공 업체, 건설사, 조명관련 회사, 디스플레이(백화점), 가구회사 등이 있습니다."
화학생명공학과는 어떤 과인가요?,"화학과 생명/바이오 산업에 관련된 기초화학, 화학공학, 공업화학, 생명공학 및 환경 분야의 이론교육과 첨단 실험설비를 활용한 다양한 실험 실습을 통하여 화학물질분석, 화학공정 관리, 화학제품 생산, 바이오화학제품 제조, 생명 및 바이오공정 관리, 환경분석 등의 기술을 습득하여 산업 현장에서 요구하는 기무에 곧바로 적응할 수 있는 전문기술인을 양성합니다."
화학생명공학과는 주로 어떤 과목을 배우나요?,"주요 교과목은 일반화학실험, 유기화학실험, 단위조작실험, 기기분석실험, 바이오화학제품제조, 환경분석실험, 생명과학개론, 생물화학공학실험, 화학분석실험이며, "
화학생명공학과의 취업분야는 어떻게 되나요?,"정유, 가스, 에너지등 석유화학, 바이오등 생명화학, 반도체, 디스플레이, 배터리등 소재고분자화학, 제약, 원료의약 등 제약산업, 화장품, 헬스, 화학기타 등이 있습니다."
재료공학과는 어떤 과인가요?,"각종 신소재 개발과 재료 응용 분야의 확대에 따라 전문 지식과 기술을 갖춘 인력 요구에 맞춰 전공 기초 능력함양을 기본으로, 금속을 비롯한 다양한 재료의 기초 이론과 체계적인 실무중심의 실습과 현장 실무형 교육 체계를 바탕으로 산업체에서 요구하는 유능한 전문기술인을 양성합니다."
재료공학과는 주로 어떤 과목을 배우나요?,"주요 교과목은 재료과학, 재료공학개론, 철강재료학, 제선제강공학, 반도체제조공정, 재료시험실무, 박막공학실무 등이 있습니다."
재료공학과의 취업분야는 어떻게 되나요?,"철강 분야, 재료공정 분야, 반도체 분야, 디스플레이 분야, 신소재 분야 등이 있습니다."
항공운항과는 어떤 과인가요?,1. 다양한 외국어 구사능력과 세계문화이해를 통한 세련된 매너 습득  2 .창의와 융합을 기반으로 한 문제해결능력 함양 3. 항공 이론/실무 실습과 서비스 현장교육 중심의 전문 항공 서비스 인재 양성  인하공업전문대학 항공운항과는 1977년 국내 최초 항공객실승무원 전문인 양성 목적으로 설립되어 고객과 산업체 니즈에 맞는 인재를 지속적으로 육성하고 있습니다.
항공운항과는 주로 어떤 과목을 배우나요?,"주요 교과목은 항공기내방송실무, 항공객실일상안전관리, 비행 전 객실서비스 실습, 착륙 전 여객운송실무, 객실서비스대화법, 면접실무실습, 응급환자대처법 등이 있습니다."
항공운항과의 취업분야는 어떻게 되나요?,"국내대형항공사 및 외국항공사, 대기업 비서직을 비롯한 일반 사무직, 호텔ㆍ관광 등 서비스 관련업체 등이 있습니다."
항공경영학과는 어떤 과인가요?,"항공운송 및 유관산업에서 필요로 하는 전문인 양성을 목표로 합니다. 대한항공과 연결된 컴퓨터 예약시스템과 항공화물시스템을 활용하여 예약, 발권, 운송, 화물업무를 현장감 있게 교육하고, 영어, 일어, 중국어 등의 외국어 교육은 물론 서비스 마인드와 사무 자동화 등의 다양한 실습을 통해 지식과 능력을 겸비한 전문 인력을 양성합니다."
항공경영학과는 주로 어떤 과목을 배우나요?,"주요 교과목은 항공여객예약실습, 항공여객발권실습, 항공운송실습, 항공 및 해상 화물 실습, 항공영어회화, 항공실무일어, 영문서작성, 비즈니스매너실습, 사무자동화실무 등이 있습니다."
항공경영학과의 취업분야는 어떻게 되나요?,"항공사, 항공화물 • 해상화물회사(종합물류사), 은행 및 증권사(금융기관), 여행사(관광서비스업), 일반 대기업 등이 있습니다."
관광견영학과는 어떤 과인가요?,"1983년도 개설되어 관광 및 여행관련 산업분야에서 중추적 역할을 담당하고 있으며, 국제적 수준의 관광서비스 전문인력을 양성하는 것을 목표로 합니다. 이를 위해, 관광기업에서 요구하는 다양한 전공 교과목을 비롯하여 서비스 마인드 실무, 외국어 교육 등 현장실무 중심의 교육을 실시하고 있습니다. 현재 수 많은 졸업생들이 최고의 관광기업에서 역량을 발휘하고 있습니다."
관광견영학과는 주로 어떤 과목을 배우나요?,"주요 교과목은 광학개론, 여행사경영, 관광지리자원, 관광마케팅, 관광실무영어, 관광비즈니스일어, 리조트와 캡스톤디자인 등이 있습니다."
관광견영학과의 취업분야는 어떻게 되나요?,"여행업, 관광호텔 및 컨벤션, 테마파크 및 리조트, 면세점 및 유통업, 항공업, 일반사무직 분야 등이 있습니다."
경영비서학과는 어떤 과인가요?,"4차 산업혁명 시대에 맞추어 현대 지식사회에서 요구하는 정보화 능력, 사무기술 능력, 외국어 능력을 종합적으로 갖춘 전문 비서인력을 육성하고 있습니다. 또한 인성교육을 통해 기업조직에서의 화합과 조화로운 인간관계 능력을 발휘하고 기업의 최고 경영진을 지혜롭게 보좌할 수 있는 기술과 인품을 겸비한 전문인력을 양성해오고 있습니다."
경영비서학과는 주로 어떤 과목을 배우나요?,"주요 교과목은 비서학개론, 경영학원론, 영어문법, 회계원리, 비즈니스영문서, 워드프로세서, 문서작성 실무 등이 있습니다."
경영비서학과의 취업분야는 어떻게 되나요?,"일반기업체, 공공기관, 금융기관, 교육연구기관, 의료기관 등이 있습니다."
호텔경영학과는 어떤 과인가요?,호텔산업에 필요한 전문인력양성을 위해 국제적인 감각과 투철한 서비스 마인드를 갖춘 호텔리어(Hotelier) 양성을 목표로 합니다. 이를 위해 국제화되고 차별화된 교육프로그램을 통해 호텔 객실 및 식음료 실무를 포함하는 호텔경영 전반에 대한 교육과 카지노 및 외식산업에서 운영 및 대고객 서비스를 담당할 전문서비스인 양성을 위해 실무중심의 교육을 수행합니다.
호텔경영학과는 주로 어떤 과목을 배우나요?,"주요 교과목은 호텔경영론, 객실관리론, 식음료서비스실무, 호텔마케팅, MICE 실무, 카지노실무, 호텔영어회화, 외식경영론, 바텐더, 소믈리에, 바리스타 등이 있습니다."
호텔경영학과의 취업분야는 어떻게 되나요?,"국내 및 해외 관광호텔, 외식산업, 카지노산업, 컨벤션 기획 및 컨벤션 산업, 콘도미니엄 업체, 서비스드 레지던스, 기타 관련 업체 등이 있습니다."
산업디자인학과는 어떤 과인가요?,"산업디자인 분야의 다양한 교육과정과 실무 프로그램을 통하여 산업현장에서 요구하는 창의적인 사고력과 디자인 기술 및 마케팅 능력을 향상시켜 제품·세라믹디자인, 시각디자인, 웹디자인 등의 분야에서 디자인의 산업적 가치를 충족시킬 수 있는 유능한 중견 디자이너를 양성합니다."
산업디자인학과는 주로 어떤 과목을 배우나요?,"주요 교과목은 컴퓨터응용3D, 제품디자인, 광고디자인, 웹디자인, 영상편집디자인, 그래픽디자인, C.I디자인, 브랜드디자인 등이 있습니다."
산업디자인학과의 취업분야는 어떻게 되나요?,"그래픽디자인, 광고디자인, 웹디자인, 생활/환경용품디자인, 제품디자인, 운송기기디자인, 도자공예, 공공디자인, 디자인 연구개발, 디자인 마케팅, 기타 디자인서비스 등이 있습니다."
패션디자인학과는 어떤 과인가요?,"실무지향, 패션지향, 패션전문 교육과정을 바탕으로 2004년 3월에 신설되어 패션디자이너 및 패션머천다이저 등 패션 산업 각 분야에 전문 인력을 배출하고 있습니다. 또한 실제적 산학연계 마스터플랜을 토대로 40여개의 패션산업체와의 산학협력 결연을 맺어 산업체 맞춤형 교육과정을 통한 우수인력 배출은 물론 산업체에 필요한 다양한 패션자원으로서의 면모를 갖추고 21세기 전문교육기관으로서의 역할을 다하기 위해 노력하고 있습니다. "
패션디자인학과는 주로 어떤 과목을 배우나요?,"주요 교과목은 패션상품생산실무, 패션테크니컬디자인, 기성복제작, 패션브랜드전략기획, 산업패턴, 패션커뮤니케이션, 패션상품판매관리 등이 있습니다."
패션디자인학과의 취업분야는 어떻게 되나요?,"패션디자이너, 샵마스터, 머천다이저, VMD, 스타일리스트 등이 있습니다."
입학정원이 뭔가요?,"한 학과에 입학할 수 있는 총 인원수를 의미합니다. 일반전형과 정원내 특별전형의 모집 인원수를 모두 합한 인원수이며, 정원외 특별전형의 모집 인원수를 포함하지 않습니다."
기계공학과의 입학 정원은 어떻게 되나요?,100명 입니다.
기계공학과가 지원할 수 있는 입학 전형은 어떤게 있나요?,"정원내 특별전형의 어학 특기자 전형을 제외하고 모두 지원할 수 있습니다. 단, 정원외 특별전형은 특정 조건을 만족할 경우에만 지원할 수 있으므로 유의하시기 바랍니다."
기계공학과의 수시1차 입학 정원은 어떻게 되나요?,"총 70명으로, 일반고 전형으로 49명, 특성화고 전형으로 21명을 모집합니다. 수시 1차 정원외 특별전형의 모집인원은 70명에 포함하지 않습니다."
기계공학과의 수시2차 입학 정원은 어떻게 되나요?,"총 25명으로, 일반고 전형으로 19명, 특성화고 전형으로 6명을 모집합니다. 수시 2차 정원외 특별전형의 모집인원은 25명에 포함하지 않습니다."
기계공학과의 일반 전형 입학 정원은 어떻게 되나요?,총 5명 입니다.
기계공학과의 정원외 특별전형 입학 정원은 어떻게 되나요?,"수시 2차의 농어촌 전형은 1명, 수급자 및 차상위 전형은 2명입니다. 정시의 농어촌 전형과 수급자 및 차상위 전형은 각각 1명이며, 재외국민(2호) 전형은 2명입니다. 나머지 정원외 특별전형의 모집인원은 제한 없습니다."
기계설계공학과의 입학 정원은 어떻게 되나요?,100명 입니다.
기계설계공학과가 지원할 수 있는 입학 전형은 어떤게 있나요?,"정원내 특별전형의 어학 특기자 전형을 제외하고 모두 지원할 수 있습니다. 단, 정원외 특별전형은 특정 조건을 만족할 경우에만 지원할 수 있으므로 유의하시기 바랍니다."
기계설계공학과의 수시1차 입학 정원은 어떻게 되나요?,"총 70명으로, 일반고 전형으로 49명, 특성화고 전형으로 21명을 모집합니다. 수시 1차 정원외 특별전형의 모집인원은 70명에 포함하지 않습니다."
기계설계공학과의 수시2차 입학 정원은 어떻게 되나요?,"총 25명으로, 일반고 전형으로 17명, 특성화고 전형으로 8명을 모집합니다. 수시 2차 정원외 특별전형의 모집인원은 25명에 포함하지 않습니다."
기계설계공학과의 일반 전형 입학 정원은 어떻게 되나요?,총 5명 입니다.
기계설계공학과의 정원외 특별전형 입학 정원은 어떻게 되나요?,"수시 2차의 농어촌 전형은 1명, 수급자 및 차상위 전형은 2명입니다. 정시의 농어촌 전형과 수급자 및 차상위 전형은 각각 1명이며, 재외국민(2호) 전형은 2명입니다. 나머지 정원외 특별전형의 모집인원은 제한 없습니다."
메카트로닉스공학과의 입학 정원은 어떻게 되나요?,75명 입니다.
메카트로닉스공학과가 지원할 수 있는 입학 전형은 어떤게 있나요?,"정원내 특별전형의 어학 특기자 전형을 제외하고 모두 지원할 수 있습니다. 단, 정원외 특별전형은 특정 조건을 만족할 경우에만 지원할 수 있으므로 유의하시기 바랍니다."
메카트로닉스공학과의 수시1차 입학 정원은 어떻게 되나요?,"총 52명으로, 일반고 전형으로 37명, 특성화고 전형으로 15명을 모집합니다. 수시 1차 정원외 특별전형의 모집인원은 52명에 포함하지 않습니다."
메카트로닉스공학과의 수시2차 입학 정원은 어떻게 되나요?,"총 19명으로, 일반고 전형으로 10명, 특성화고 전형으로 9명을 모집합니다. 수시 2차 정원외 특별전형의 모집인원은 19명에 포함하지 않습니다."
메카트로닉스공학과의 일반 전형 입학 정원은 어떻게 되나요?,총 4명 입니다.
메카트로닉스공학과의 정원외 특별전형 입학 정원은 어떻게 되나요?,"수시 2차의 농어촌 전형은 1명, 수급자 및 차상위 전형은 2명입니다. 정시의 농어촌 전형과 수급자 및 차상위 전형은 각각 1명이며, 재외국민(2호) 전형은 2명입니다. 나머지 정원외 특별전형의 모집인원은 제한 없습니다."
반도체기계정비학과의 입학 정원은 어떻게 되나요?,53명 입니다.
반도체기계정비학과가 지원할 수 있는 입학 전형은 어떤게 있나요?,"정원내 특별전형의 어학 특기자 전형을 제외하고 모두 지원할 수 있습니다. 단, 정원외 특별전형은 특정 조건을 만족할 경우에만 지원할 수 있으므로 유의하시기 바랍니다."
반도체기계정비학과의 수시1차 입학 정원은 어떻게 되나요?,"총 37명으로, 일반고 전형으로 26명, 특성화고 전형으로 11명을 모집합니다. 수시 1차 정원외 특별전형의 모집인원은 37명에 포함하지 않습니다."
반도체기계정비학과의 수시2차 입학 정원은 어떻게 되나요?,"총 13명으로, 일반고 전형으로 10명, 특성화고 전형으로 3명을 모집합니다. 수시 2차 정원외 특별전형의 모집인원은 13명에 포함하지 않습니다."
반도체기계정비학과의 일반 전형 입학 정원은 어떻게 되나요?,총 3명 입니다.
반도체기계정비학과의 정원외 특별전형 입학 정원은 어떻게 되나요?,수시 2차와 정시의 농어촌 전형과 수급자 및 차상위 전형은 각각 1명입니다. 재외국민(2호) 전형도 1명입니다. 나머지 정원외 특별전형의 모집인원은 제한 없습니다.
조선기계공학과의 입학 정원은 어떻게 되나요?,90명 입니다.
조선기계공학과가 지원할 수 있는 입학 전형은 어떤게 있나요?,"정원내 특별전형의 어학 특기자 전형을 제외하고 모두 지원할 수 있습니다. 단, 정원외 특별전형은 특정 조건을 만족할 경우에만 지원할 수 있으므로 유의하시기 바랍니다."
조선기계공학과의 수시1차 입학 정원은 어떻게 되나요?,"총 63명으로, 일반고 전형으로 44명, 특성화고 전형으로 19명을 모집합니다. 수시 1차 정원외 특별전형의 모집인원은 63명에 포함하지 않습니다."
조선기계공학과의 수시2차 입학 정원은 어떻게 되나요?,"총 23명으로, 일반고 전형으로 14명, 특성화고 전형으로 9명을 모집합니다. 수시 2차 정원외 특별전형의 모집인원은 23명에 포함하지 않습니다."
조선기계공학과의 일반 전형 입학 정원은 어떻게 되나요?,총 4명 입니다.
조선기계공학과의 정원외 특별전형 입학 정원은 어떻게 되나요?,"수시 2차의 농어촌 전형은 1명, 수급자 및 차상위 전형은 2명입니다. 정시의 농어촌 전형과 수급자 및 차상위 전형은 각각 1명이며, 재외국민(2호) 전형은 2명입니다. 나머지 정원외 특별전형의 모집인원은 제한 없습니다."
항공기계공학과의 입학 정원은 어떻게 되나요?,120명 입니다.
항공기계공학과가 지원할 수 있는 입학 전형은 어떤게 있나요?,모든 전형으로 지원할 수 있습니다.
항공기계공학과의 수시1차 입학 정원은 어떻게 되나요?,"총 84명으로, 일반고 전형으로 50명, 특성화고 전형으로 21명, 영어일어 어학 특기자로 13명을 모집합니다. 수시 1차 정원외 특별전형의 모집인원은 84명에 포함하지 않습니다."
항공기계공학과의 수시2차 입학 정원은 어떻게 되나요?,"총 30명으로, 일반고 전형으로 18명, 특성화고 전형으로 8명, 영어일어 어학 특기자로 4명 모집합니다. 수시 2차 정원외 특별전형의 모집인원은 30명에 포함하지 않습니다."
항공기계공학과의 일반 전형 입학 정원은 어떻게 되나요?,총 6명 입니다.
항공기계공학과의 정원외 특별전형 입학 정원은 어떻게 되나요?,"수시 2차의 농어촌 전형은 1명, 수급자 및 차상위 전형은 3명입니다. 정시의 농어촌 전형과 수급자 및 차상위 전형은 각각 1명이며, 재외국민(2호) 전형은 3명입니다. 나머지 정원외 특별전형의 모집인원은 제한 없습니다."
자동차공학과의 입학 정원은 어떻게 되나요?,100명 입니다.
자동차공학과가 지원할 수 있는 입학 전형은 어떤게 있나요?,"정원내 특별전형의 어학 특기자 전형을 제외하고 모두 지원할 수 있습니다. 단, 정원외 특별전형은 특정 조건을 만족할 경우에만 지원할 수 있으므로 유의하시기 바랍니다."
자동차공학과의 수시1차 입학 정원은 어떻게 되나요?,"총 70명으로, 일반고 전형으로 49명, 특성화고 전형으로 21명을 모집합니다. 수시 1차 정원외 특별전형의 모집인원은 70명에 포함하지 않습니다."
자동차공학과의 수시2차 입학 정원은 어떻게 되나요?,"총 25명으로, 일반고 전형으로 15명, 특성화고 전형으로 10명을 모집합니다. 수시 2차 정원외 특별전형의 모집인원은 25명에 포함하지 않습니다."
자동차공학과의 일반 전형 입학 정원은 어떻게 되나요?,총 5명 입니다.
자동차공학과의 정원외 특별전형 입학 정원은 어떻게 되나요?,"수시 2차의 농어촌 전형은 1명, 수급자 및 차상위 전형은 2명입니다. 정시의 농어촌 전형과 수급자 및 차상위 전형은 각각 1명이며, 재외국민(2호) 전형은 2명입니다. 나머지 정원외 특별전형의 모집인원은 제한 없습니다."
전기공학과의 입학 정원은 어떻게 되나요?,100명 입니다.
전기공학과가 지원할 수 있는 입학 전형은 어떤게 있나요?,"정원내 특별전형의 어학 특기자 전형을 제외하고 모두 지원할 수 있습니다. 단, 정원외 특별전형은 특정 조건을 만족할 경우에만 지원할 수 있으므로 유의하시기 바랍니다."
전기공학과의 수시1차 입학 정원은 어떻게 되나요?,"총 70명으로, 일반고 전형으로 49명, 특성화고 전형으로 21명을 모집합니다. 수시 1차 정원외 특별전형의 모집인원은 70명에 포함하지 않습니다."
전기공학과의 수시2차 입학 정원은 어떻게 되나요?,"총 25명으로, 일반고 전형으로 20명, 특성화고 전형으로 5명을 모집합니다. 수시 2차 정원외 특별전형의 모집인원은 25명에 포함하지 않습니다."
전기공학과의 일반 전형 입학 정원은 어떻게 되나요?,총 5명 입니다.
전기공학과의 정원외 특별전형 입학 정원은 어떻게 되나요?,"수시 2차의 농어촌 전형은 1명, 수급자 및 차상위 전형은 2명입니다. 정시의 농어촌 전형과 수급자 및 차상위 전형은 각각 1명이며, 재외국민(2호) 전형은 2명입니다. 나머지 정원외 특별전형의 모집인원은 제한 없습니다."
전자공학과의 입학 정원은 어떻게 되나요?,100명 입니다.
전자공학과가 지원할 수 있는 입학 전형은 어떤게 있나요?,"정원내 특별전형의 어학 특기자 전형을 제외하고 모두 지원할 수 있습니다. 단, 정원외 특별전형은 특정 조건을 만족할 경우에만 지원할 수 있으므로 유의하시기 바랍니다."
전자공학과의 수시1차 입학 정원은 어떻게 되나요?,"총 70명으로, 일반고 전형으로 49명, 특성화고 전형으로 21명을 모집합니다. 수시 1차 정원외 특별전형의 모집인원은 70명에 포함하지 않습니다."
전자공학과의 수시2차 입학 정원은 어떻게 되나요?,"총 25명으로, 일반고 전형으로 16명, 특성화고 전형으로 9명을 모집합니다. 수시 2차 정원외 특별전형의 모집인원은 25명에 포함하지 않습니다."
전자공학과의 일반 전형 입학 정원은 어떻게 되나요?,총 5명 입니다.
전자공학과의 정원외 특별전형 입학 정원은 어떻게 되나요?,"수시 2차의 농어촌 전형은 1명, 수급자 및 차상위 전형은 2명입니다. 정시의 농어촌 전형과 수급자 및 차상위 전형은 각각 1명이며, 재외국민(2호) 전형은 2명입니다. 나머지 정원외 특별전형의 모집인원은 제한 없습니다."
정보통신공학과의 입학 정원은 어떻게 되나요?,120명 입니다.
정보통신공학과가 지원할 수 있는 입학 전형은 어떤게 있나요?,"정원내 특별전형의 어학 특기자 전형을 제외하고 모두 지원할 수 있습니다. 단, 정원외 특별전형은 특정 조건을 만족할 경우에만 지원할 수 있으므로 유의하시기 바랍니다."
정보통신공학과의 수시1차 입학 정원은 어떻게 되나요?,"총 84명으로, 일반고 전형으로 59명, 특성화고 전형으로 25명을 모집합니다. 수시 1차 정원외 특별전형의 모집인원은 84명에 포함하지 않습니다."
정보통신공학과의 수시2차 입학 정원은 어떻게 되나요?,"총 30명으로, 일반고 전형으로 24명, 특성화고 전형으로 6명을 모집합니다. 수시 2차 정원외 특별전형의 모집인원은 30명에 포함하지 않습니다."
정보통신공학과의 일반 전형 입학 정원은 어떻게 되나요?,총 6명 입니다.
정보통신공학과의 정원외 특별전형 입학 정원은 어떻게 되나요?,"수시 2차의 농어촌 전형은 1명, 수급자 및 차상위 전형은 2명입니다. 정시의 농어촌 전형과 수급자 및 차상위 전형은 각각 1명이며, 재외국민(2호) 전형은 2명입니다. 나머지 정원외 특별전형의 모집인원은 제한 없습니다."
컴퓨터정보공학과의 입학 정원은 어떻게 되나요?,100명 입니다.
컴퓨터정보공학과가 지원할 수 있는 입학 전형은 어떤게 있나요?,"정원내 특별전형의 어학 특기자 전형을 제외하고 모두 지원할 수 있습니다. 단, 정원외 특별전형은 특정 조건을 만족할 경우에만 지원할 수 있으므로 유의하시기 바랍니다."
컴퓨터정보공학과의 수시1차 입학 정원은 어떻게 되나요?,"총 70명으로, 일반고 전형으로 49명, 특성화고 전형으로 21명을 모집합니다. 수시 1차 정원외 특별전형의 모집인원은 70명에 포함하지 않습니다."
컴퓨터정보공학과의 수시2차 입학 정원은 어떻게 되나요?,"총 25명으로, 일반고 전형으로 19명, 특성화고 전형으로 6명을 모집합니다. 수시 2차 정원외 특별전형의 모집인원은 25명에 포함하지 않습니다."
컴퓨터정보공학과의 일반 전형 입학 정원은 어떻게 되나요?,총 5명 입니다.
컴퓨터정보공학과의 정원외 특별전형 입학 정원은 어떻게 되나요?,"수시 2차의 농어촌 전형은 1명, 수급자 및 차상위 전형은 2명입니다. 정시의 농어촌 전형과 수급자 및 차상위 전형은 각각 1명이며, 재외국민(2호) 전형은 2명입니다. 나머지 정원외 특별전형의 모집인원은 제한 없습니다."
컴퓨터시스템공학과의 입학 정원은 어떻게 되나요?,100명 입니다.
컴퓨터시스템공학과가 지원할 수 있는 입학 전형은 어떤게 있나요?,"정원내 특별전형의 어학 특기자 전형을 제외하고 모두 지원할 수 있습니다. 단, 정원외 특별전형은 특정 조건을 만족할 경우에만 지원할 수 있으므로 유의하시기 바랍니다."
컴퓨터시스템공학과의 수시1차 입학 정원은 어떻게 되나요?,"총 70명으로, 일반고 전형으로 49명, 특성화고 전형으로 21명을 모집합니다. 수시 1차 정원외 특별전형의 모집인원은 70명에 포함하지 않습니다."
컴퓨터시스템공학과의 수시2차 입학 정원은 어떻게 되나요?,"총 25명으로, 일반고 전형으로 18명, 특성화고 전형으로 7명을 모집합니다. 수시 2차 정원외 특별전형의 모집인원은 25명에 포함하지 않습니다."
컴퓨터시스템공학과의 일반 전형 입학 정원은 어떻게 되나요?,총 5명 입니다.
컴퓨터시스템공학과의 정원외 특별전형 입학 정원은 어떻게 되나요?,"수시 2차의 농어촌 전형은 1명, 수급자 및 차상위 전형은 2명입니다. 정시의 농어촌 전형과 수급자 및 차상위 전형은 각각 1명이며, 재외국민(2호) 전형은 2명입니다. 나머지 정원외 특별전형의 모집인원은 제한 없습니다."
디지털마케팅공학과의 입학 정원은 어떻게 되나요?,55명 입니다.
디지털마케팅공학과가 지원할 수 있는 입학 전형은 어떤게 있나요?,"정원내 특별전형의 어학 특기자 전형을 제외하고 모두 지원할 수 있습니다. 단, 정원외 특별전형은 특정 조건을 만족할 경우에만 지원할 수 있으므로 유의하시기 바랍니다."
디지털마케팅공학과의 수시1차 입학 정원은 어떻게 되나요?,"총 39명으로, 일반고 전형으로 27명, 특성화고 전형으로 12명을 모집합니다. 수시 1차 정원외 특별전형의 모집인원은 39명에 포함하지 않습니다."
디지털마케팅공학과의 수시2차 입학 정원은 어떻게 되나요?,"총 13명으로, 일반고 전형으로 10명, 특성화고 전형으로 3명을 모집합니다. 수시 2차 정원외 특별전형의 모집인원은 13명에 포함하지 않습니다."
디지털마케팅공학과의 일반 전형 입학 정원은 어떻게 되나요?,총 3명 입니다.
디지털마케팅공학과의 정원외 특별전형 입학 정원은 어떻게 되나요?,수시 2차와 정시의 농어촌 전형과 수급자 및 차상위 전형은 각각 1명입니다. 재외국민(2호) 전형도 1명입니다. 나머지 정원외 특별전형의 모집인원은 제한 없습니다.
건설환경공학과의 입학 정원은 어떻게 되나요?,95명 입니다.
건설환경공학과가 지원할 수 있는 입학 전형은 어떤게 있나요?,"정원내 특별전형의 어학 특기자 전형을 제외하고 모두 지원할 수 있습니다. 단, 정원외 특별전형은 특정 조건을 만족할 경우에만 지원할 수 있으므로 유의하시기 바랍니다."
건설환경공학과의 수시1차 입학 정원은 어떻게 되나요?,"총 66명으로, 일반고 전형으로 46명, 특성화고 전형으로 20명을 모집합니다. 수시 1차 정원외 특별전형의 모집인원은 66명에 포함하지 않습니다."
건설환경공학과의 수시2차 입학 정원은 어떻게 되나요?,"총 24명으로, 일반고 전형으로 17명, 특성화고 전형으로 7명을 모집합니다. 수시 2차 정원외 특별전형의 모집인원은 24명에 포함하지 않습니다."
건설환경공학과의 일반 전형 입학 정원은 어떻게 되나요?,총 5명 입니다.
건설환경공학과의 정원외 특별전형 입학 정원은 어떻게 되나요?,"수시 2차의 농어촌 전형은 1명, 수급자 및 차상위 전형은 2명입니다. 정시의 농어촌 전형과 수급자 및 차상위 전형은 각각 1명이며, 재외국민(2호) 전형은 2명입니다. 나머지 정원외 특별전형의 모집인원은 제한 없습니다."
공간정보빅데이터학과의 입학 정원은 어떻게 되나요?,75명 입니다.
공간정보빅데이터학과가 지원할 수 있는 입학 전형은 어떤게 있나요?,"정원내 특별전형의 어학 특기자 전형을 제외하고 모두 지원할 수 있습니다. 단, 정원외 특별전형은 특정 조건을 만족할 경우에만 지원할 수 있으므로 유의하시기 바랍니다."
공간정보빅데이터학과의 수시1차 입학 정원은 어떻게 되나요?,"총 53명으로, 일반고 전형으로 36명, 특성화고 전형으로 17명을 모집합니다. 수시 1차 정원외 특별전형의 모집인원은 53명에 포함하지 않습니다."
공간정보빅데이터학과의 수시2차 입학 정원은 어떻게 되나요?,"총 18명으로, 일반고 전형으로 13명, 특성화고 전형으로 5명을 모집합니다. 수시 2차 정원외 특별전형의 모집인원은 18명에 포함하지 않습니다."
공간정보빅데이터학과의 일반 전형 입학 정원은 어떻게 되나요?,총 4명 입니다.
공간정보빅데이터학과의 정원외 특별전형 입학 정원은 어떻게 되나요?,"수시 2차의 농어촌 전형은 1명, 수급자 및 차상위 전형은 2명입니다. 정시의 농어촌 전형과 수급자 및 차상위 전형은 각각 1명이며, 재외국민(2호) 전형은 2명입니다. 나머지 정원외 특별전형의 모집인원은 제한 없습니다."
화학생명공학과의 입학 정원은 어떻게 되나요?,100명 입니다.
화학생명공학과가 지원할 수 있는 입학 전형은 어떤게 있나요?,"정원내 특별전형의 어학 특기자 전형을 제외하고 모두 지원할 수 있습니다. 단, 정원외 특별전형은 특정 조건을 만족할 경우에만 지원할 수 있으므로 유의하시기 바랍니다."
화학생명공학과의 수시1차 입학 정원은 어떻게 되나요?,"총 70명으로, 일반고 전형으로 49명, 특성화고 전형으로 21명을 모집합니다. 수시 1차 정원외 특별전형의 모집인원은 70명에 포함하지 않습니다."
화학생명공학과의 수시2차 입학 정원은 어떻게 되나요?,"총 25명으로, 일반고 전형으로 20명, 특성화고 전형으로 5명을 모집합니다. 수시 2차 정원외 특별전형의 모집인원은 25명에 포함하지 않습니다."
화학생명공학과의 일반 전형 입학 정원은 어떻게 되나요?,총 5명 입니다.
화학생명공학과의 정원외 특별전형 입학 정원은 어떻게 되나요?,"수시 2차의 농어촌 전형은 1명, 수급자 및 차상위 전형은 2명입니다. 정시의 농어촌 전형과 수급자 및 차상위 전형은 각각 1명이며, 재외국민(2호) 전형은 2명입니다. 나머지 정원외 특별전형의 모집인원은 제한 없습니다."
재료공학과의 입학 정원은 어떻게 되나요?,100명 입니다.
재료공학과가 지원할 수 있는 입학 전형은 어떤게 있나요?,"정원내 특별전형의 어학 특기자 전형을 제외하고 모두 지원할 수 있습니다. 단, 정원외 특별전형은 특정 조건을 만족할 경우에만 지원할 수 있으므로 유의하시기 바랍니다."
재료공학과의 수시1차 입학 정원은 어떻게 되나요?,"총 70명으로, 일반고 전형으로 49명, 특성화고 전형으로 21명을 모집합니다. 수시 1차 정원외 특별전형의 모집인원은 70명에 포함하지 않습니다."
재료공학과의 수시2차 입학 정원은 어떻게 되나요?,"총 25명으로, 일반고 전형으로 19명, 특성화고 전형으로 6명을 모집합니다. 수시 2차 정원외 특별전형의 모집인원은 25명에 포함하지 않습니다."
재료공학과의 일반 전형 입학 정원은 어떻게 되나요?,총 5명 입니다.
재료공학과의 정원외 특별전형 입학 정원은 어떻게 되나요?,"수시 2차의 농어촌 전형은 1명, 수급자 및 차상위 전형은 2명입니다. 정시의 농어촌 전형과 수급자 및 차상위 전형은 각각 1명이며, 재외국민(2호) 전형은 2명입니다. 나머지 정원외 특별전형의 모집인원은 제한 없습니다."
건축학과의 입학 정원은 어떻게 되나요?,90명 입니다.
건축학과가 지원할 수 있는 입학 전형은 어떤게 있나요?,"정원내 특별전형의 어학 특기자 전형을 제외하고 모두 지원할 수 있습니다. 단, 정원외 특별전형은 특정 조건을 만족할 경우에만 지원할 수 있으므로 유의하시기 바랍니다."
건축학과의 수시1차 입학 정원은 어떻게 되나요?,"총 63명으로, 일반고 전형으로 44명, 특성화고 전형으로 19명을 모집합니다. 수시 1차 정원외 특별전형의 모집인원은 63명에 포함하지 않습니다."
건축학과의 수시2차 입학 정원은 어떻게 되나요?,"총 23명으로, 일반고 전형으로 18명, 특성화고 전형으로 5명을 모집합니다. 수시 2차 정원외 특별전형의 모집인원은 23명에 포함하지 않습니다."
건축학과의 일반 전형 입학 정원은 어떻게 되나요?,총 4명 입니다.
건축학과의 정원외 특별전형 입학 정원은 어떻게 되나요?,"수시 2차의 농어촌 전형은 1명, 수급자 및 차상위 전형은 2명입니다. 정시의 농어촌 전형과 수급자 및 차상위 전형은 각각 1명이며, 재외국민(2호) 전형은 2명입니다. 나머지 정원외 특별전형의 모집인원은 제한 없습니다."
실내건축학과의 입학 정원은 어떻게 되나요?,90명 입니다.
실내건축학과가 지원할 수 있는 입학 전형은 어떤게 있나요?,"정원내 특별전형의 어학 특기자 전형을 제외하고 모두 지원할 수 있습니다. 단, 정원외 특별전형은 특정 조건을 만족할 경우에만 지원할 수 있으므로 유의하시기 바랍니다."
실내건축학과의 수시1차 입학 정원은 어떻게 되나요?,"총 63명으로, 일반고 전형으로 44명, 특성화고 전형으로 19명을 모집합니다. 수시 1차 정원외 특별전형의 모집인원은 63명에 포함하지 않습니다."
실내건축학과의 수시2차 입학 정원은 어떻게 되나요?,"총 23명으로, 일반고 전형으로 16명, 특성화고 전형으로 7명을 모집합니다. 수시 2차 정원외 특별전형의 모집인원은 23명에 포함하지 않습니다."
실내건축학과의 일반 전형 입학 정원은 어떻게 되나요?,총 4명 입니다.
실내건축학과의 정원외 특별전형 입학 정원은 어떻게 되나요?,"수시 2차의 농어촌 전형은 1명, 수급자 및 차상위 전형은 2명입니다. 정시의 농어촌 전형과 수급자 및 차상위 전형은 각각 1명이며, 재외국민(2호) 전형은 2명입니다. 나머지 정원외 특별전형의 모집인원은 제한 없습니다."
산업디자인학과의 입학 정원은 어떻게 되나요?,75명 입니다.
산업디자인학과가 지원할 수 있는 입학 전형은 어떤게 있나요?,"정원내 특별전형의 어학 특기자 전형을 제외하고 모두 지원할 수 있습니다. 단, 정원외 특별전형은 특정 조건을 만족할 경우에만 지원할 수 있으므로 유의하시기 바랍니다."
산업디자인학과의 수시1차 입학 정원은 어떻게 되나요?,"총 53명으로, 일반고 전형으로 36명, 특성화고 전형으로 17명을 모집합니다. 수시 1차 정원외 특별전형의 모집인원은 53명에 포함하지 않습니다."
산업디자인학과의 수시2차 입학 정원은 어떻게 되나요?,"총 18명으로, 일반고 전형으로 11명, 특성화고 전형으로 7명을 모집합니다. 수시 2차 정원외 특별전형의 모집인원은 18명에 포함하지 않습니다."
산업디자인학과의 일반 전형 입학 정원은 어떻게 되나요?,총 4명 입니다.
산업디자인학과의 정원외 특별전형 입학 정원은 어떻게 되나요?,"수시 2차의 농어촌 전형은 1명, 수급자 및 차상위 전형은 2명입니다. 정시의 농어촌 전형과 수급자 및 차상위 전형은 각각 1명이며, 재외국민(2호) 전형은 1명입니다. 나머지 정원외 특별전형의 모집인원은 제한 없습니다."
패션디자인학과의 입학 정원은 어떻게 되나요?,75명 입니다.
패션디자인학과가 지원할 수 있는 입학 전형은 어떤게 있나요?,"정원내 특별전형의 어학 특기자 전형을 제외하고 모두 지원할 수 있습니다. 단, 정원외 특별전형은 특정 조건을 만족할 경우에만 지원할 수 있으므로 유의하시기 바랍니다."
패션디자인학과의 수시1차 입학 정원은 어떻게 되나요?,"총 53명으로, 일반고 전형으로 36명, 특성화고 전형으로 17명을 모집합니다. 수시 1차 정원외 특별전형의 모집인원은 53명에 포함하지 않습니다."
패션디자인학과의 수시2차 입학 정원은 어떻게 되나요?,"총 18명으로, 일반고 전형으로 13명, 특성화고 전형으로 5명을 모집합니다. 수시 2차 정원외 특별전형의 모집인원은 18명에 포함하지 않습니다."
패션디자인학과의 일반 전형 입학 정원은 어떻게 되나요?,총 4명 입니다.
패션디자인학과의 정원외 특별전형 입학 정원은 어떻게 되나요?,"수시 2차의 농어촌 전형은 1명, 수급자 및 차상위 전형은 2명입니다. 정시의 농어촌 전형과 수급자 및 차상위 전형은 각각 1명이며, 재외국민(2호) 전형은 1명입니다. 나머지 정원외 특별전형의 모집인원은 제한 없습니다."
항공운항과의 입학 정원은 어떻게 되나요?,160명 입니다.
항공운항과가 지원할 수 있는 입학 전형은 어떤게 있나요?,모든 전형으로 지원할 수 있습니다.
항공운항과의 수시1차 입학 정원은 어떻게 되나요?,"총 112명으로, 일반고 전형으로 90명, 특성화고 전형으로 10명, 영어일어 어학 특기자로 12명을 모집합니다. 수시 1차 정원외 특별전형의 모집인원은 112명에 포함하지 않습니다."
항공운항과의 수시2차 입학 정원은 어떻게 되나요?,"총 40명으로, 일반고 전형으로 32명, 특성화고 전형으로 3명, 영어일어 어학 특기자로 5명 모집합니다. 수시 2차 정원외 특별전형의 모집인원은 40명에 포함하지 않습니다."
항공운항과의 일반 전형 입학 정원은 어떻게 되나요?,총 8명 입니다.
항공운항과의 정원외 특별전형 입학 정원은 어떻게 되나요?,"수시 2차의 농어촌 전형과 수급자 및 차상위 전형은 각각 3명입니다. 정시의 농어촌 전형과 수급자 및 차상위 전형은 각각 1명이며, 재외국민(2호) 전형은 3명입니다. 나머지 정원외 특별전형의 모집인원은 제한 없습니다."
항공경영학과의 입학 정원은 어떻게 되나요?,100명 입니다.
항공경영학과가 지원할 수 있는 입학 전형은 어떤게 있나요?,"정원내 특별전형의 어학 특기자 전형을 제외하고 모두 지원할 수 있습니다. 단, 정원외 특별전형은 특정 조건을 만족할 경우에만 지원할 수 있으므로 유의하시기 바랍니다."
항공경영학과의 수시1차 입학 정원은 어떻게 되나요?,"총 70명으로, 일반고 전형으로 49명, 특성화고 전형으로 21명을 모집합니다. 수시 1차 정원외 특별전형의 모집인원은 70명에 포함하지 않습니다."
항공경영학과의 수시2차 입학 정원은 어떻게 되나요?,"총 25명으로, 일반고 전형으로 20명, 특성화고 전형으로 5명을 모집합니다. 수시 2차 정원외 특별전형의 모집인원은 25명에 포함하지 않습니다."
항공경영학과의 일반 전형 입학 정원은 어떻게 되나요?,총 5명 입니다.
항공경영학과의 정원외 특별전형 입학 정원은 어떻게 되나요?,"수시 2차의 농어촌 전형은 1명, 수급자 및 차상위 전형은 2명입니다. 정시의 농어촌 전형과 수급자 및 차상위 전형은 각각 1명이며, 재외국민(2호) 전형은 2명입니다. 나머지 정원외 특별전형의 모집인원은 제한 없습니다."
관광경영학과의 입학 정원은 어떻게 되나요?,90명 입니다.
관광경영학과가 지원할 수 있는 입학 전형은 어떤게 있나요?,"정원내 특별전형의 어학 특기자 전형을 제외하고 모두 지원할 수 있습니다. 단, 정원외 특별전형은 특정 조건을 만족할 경우에만 지원할 수 있으므로 유의하시기 바랍니다."
관광경영학과의 수시1차 입학 정원은 어떻게 되나요?,"총 63명으로, 일반고 전형으로 44명, 특성화고 전형으로 19명을 모집합니다. 수시 1차 정원외 특별전형의 모집인원은 63명에 포함하지 않습니다."
관광경영학과의 수시2차 입학 정원은 어떻게 되나요?,"총 23명으로, 일반고 전형으로 17명, 특성화고 전형으로 6명을 모집합니다. 수시 2차 정원외 특별전형의 모집인원은 23명에 포함하지 않습니다."
관광경영학과의 일반 전형 입학 정원은 어떻게 되나요?,총 4명 입니다.
관광경영학과의 정원외 특별전형 입학 정원은 어떻게 되나요?,"수시 2차의 농어촌 전형은 1명, 수급자 및 차상위 전형은 2명입니다. 정시의 농어촌 전형과 수급자 및 차상위 전형은 각각 1명이며, 재외국민(2호) 전형은 2명입니다. 나머지 정원외 특별전형의 모집인원은 제한 없습니다."
경영비서학과의 입학 정원은 어떻게 되나요?,90명 입니다.
경영비서학과가 지원할 수 있는 입학 전형은 어떤게 있나요?,"정원내 특별전형의 어학 특기자 전형을 제외하고 모두 지원할 수 있습니다. 단, 정원외 특별전형은 특정 조건을 만족할 경우에만 지원할 수 있으므로 유의하시기 바랍니다."
경영비서학과의 수시1차 입학 정원은 어떻게 되나요?,"총 63명으로, 일반고 전형으로 44명, 특성화고 전형으로 19명을 모집합니다. 수시 1차 정원외 특별전형의 모집인원은 63명에 포함하지 않습니다."
경영비서학과의 수시2차 입학 정원은 어떻게 되나요?,"총 23명으로, 일반고 전형으로 18명, 특성화고 전형으로 5명을 모집합니다. 수시 2차 정원외 특별전형의 모집인원은 23명에 포함하지 않습니다."
경영비서학과의 일반 전형 입학 정원은 어떻게 되나요?,총 4명 입니다.
경영비서학과의 정원외 특별전형 입학 정원은 어떻게 되나요?,"수시 2차의 농어촌 전형은 1명, 수급자 및 차상위 전형은 2명입니다. 정시의 농어촌 전형과 수급자 및 차상위 전형은 각각 1명이며, 재외국민(2호) 전형은 1명입니다. 나머지 정원외 특별전형의 모집인원은 제한 없습니다."
호텔경영학과의 입학 정원은 어떻게 되나요?,95명 입니다.
호텔경영학과가 지원할 수 있는 입학 전형은 어떤게 있나요?,"정원내 특별전형의 어학 특기자 전형을 제외하고 모두 지원할 수 있습니다. 단, 정원외 특별전형은 특정 조건을 만족할 경우에만 지원할 수 있으므로 유의하시기 바랍니다."
호텔경영학과의 수시1차 입학 정원은 어떻게 되나요?,"총 66명으로, 일반고 전형으로 46명, 특성화고 전형으로 20명을 모집합니다. 수시 1차 정원외 특별전형의 모집인원은 66명에 포함하지 않습니다."
호텔경영학과의 수시2차 입학 정원은 어떻게 되나요?,"총 24명으로, 일반고 전형으로 17명, 특성화고 전형으로 7명을 모집합니다. 수시 2차 정원외 특별전형의 모집인원은 24명에 포함하지 않습니다."
호텔경영학과의 일반 전형 입학 정원은 어떻게 되나요?,총 5명 입니다.
호텔경영학과의 정원외 특별전형 입학 정원은 어떻게 되나요?,"수시 2차의 농어촌 전형은 1명, 수급자 및 차상위 전형은 2명입니다. 정시의 농어촌 전형과 수급자 및 차상위 전형은 각각 1명이며, 재외국민(2호) 전형은 2명입니다. 나머지 정원외 특별전형의 모집인원은 제한 없습니다."
물류시스템학과의 입학 정원은 어떻게 되나요?,50명 입니다.
물류시스템학과가 지원할 수 있는 입학 전형은 어떤게 있나요?,"정원내 특별전형의 어학 특기자 전형을 제외하고 모두 지원할 수 있습니다. 단, 정원외 특별전형은 특정 조건을 만족할 경우에만 지원할 수 있으므로 유의하시기 바랍니다."
물류시스템학과의 수시1차 입학 정원은 어떻게 되나요?,"총 35명으로, 일반고 전형으로 20명, 특성화고 전형으로 15명을 모집합니다. 수시 1차 정원외 특별전형의 모집인원은 35명에 포함하지 않습니다."
물류시스템학과의 수시2차 입학 정원은 어떻게 되나요?,"총 13명으로, 일반고 전형으로 10명, 특성화고 전형으로 3명을 모집합니다. 수시 2차 정원외 특별전형의 모집인원은 13명에 포함하지 않습니다."
물류시스템학과의 일반 전형 입학 정원은 어떻게 되나요?,총 2명 입니다.
물류시스템학과의 정원외 특별전형 입학 정원은 어떻게 되나요?,수시 2차와 정시의 농어촌 전형과 수급자 및 차상위 전형은 각각 1명입니다. 재외국민(2호) 전형도 1명입니다. 나머지 정원외 특별전형의 모집인원은 제한 없습니다.
스포츠헬스케어학과의 입학 정원은 어떻게 되나요?,55명 입니다.
스포츠헬스케어학과가 지원할 수 있는 입학 전형은 어떤게 있나요?,"정원내 특별전형의 어학 특기자 전형을 제외하고 모두 지원할 수 있습니다. 단, 정원외 특별전형은 특정 조건을 만족할 경우에만 지원할 수 있으므로 유의하시기 바랍니다."
스포츠헬스케어학과의 수시1차 입학 정원은 어떻게 되나요?,"총 38명으로, 일반고 전형으로 24명, 특성화고 전형으로 14명을 모집합니다. 수시 1차 정원외 특별전형의 모집인원은 38명에 포함하지 않습니다."
스포츠헬스케어학과의 수시2차 입학 정원은 어떻게 되나요?,"총 14명으로, 일반고 전형으로 8명, 특성화고 전형으로 6명을 모집합니다. 수시 2차 정원외 특별전형의 모집인원은 14명에 포함하지 않습니다."
스포츠헬스케어학과의 일반 전형 입학 정원은 어떻게 되나요?,총 3명 입니다.
스포츠헬스케어학과의 정원외 특별전형 입학 정원은 어떻게 되나요?,수시 2차와 정시의 농어촌 전형과 수급자 및 차상위 전형은 각각 1명입니다. 재외국민(2호) 전형도 1명입니다. 나머지 정원외 특별전형의 모집인원은 제한 없습니다.
수시 1차의 모집일정은 어떻게 되나요?,"원서접수: 2023.09.11.(월) ~ 10.05.(목) 면접: 2023.10.21.(토) ~ 10.22.(일) 합격자 발표: 2023.11.03.(금) 합격자 등록기간(예치금): 2023.12.18.(월) ~ 12.21.(목) 입니다. 면접일정은 지원자 인원수에 따라 변동될 수 있으므로, 우리대학 홈페이지를 잘 확인하여 주시기 바랍니다."
수시 1차의 원서접수기간은 어떻게 되나요?,2023.09.11.(월) ~ 10.05.(목)까지 원서 접수 기간입니다.
수시 1차의 면접기간은 언제인가요?,"2023.10.21.(토) ~ 10.22.(일)로 총 2일 입니다. 지원자 인원수에 따라 변동될 수 있으므로, 우리대학 홈페이지를 잘 확인하여 주시기 바랍니다."
수시 1차의 합격자 발표는 언제인가요?,2023.11.03.(금) 입니다.
수시 1차의 합격자 등록기간은 언제인가요?,2023.12.18.(월) ~ 12.21.(목) 입니다. 해당 기간에 수시 1차 합격자분들은 예치금을 납부하셔야 최종 등록 처리가 완료되므로 유의하시기 바랍니다.
수시 2차의 모집일정은 어떻게 되나요?,"원서접수: 2023.11.10.(금) ~ 11.24.(금) 면접: 2023.12.09.(토) ~ 12.10.(일) 합격자 발표: 2023.12.15.(금) 합격자 등록기간: 2024.02.07.(수) ~ 02.13.(화) 입니다. 면접일정은 지원자 인원수에 따라 변동될 수 있으므로, 우리대학 홈페이지를 잘 확인하여 주시기 바랍니다."
수시 2차의 원서접수기간은 어떻게 되나요?,2023.11.10.(금) ~ 11.24.(금)까지 원서 접수 기간입니다.
수시 2차의 면접기간은 언제인가요?,"2023.12.09.(토) ~ 12.10.(일)로 총 2일 입니다. 지원자 인원수에 따라 변동될 수 있으므로, 우리대학 홈페이지를 잘 확인하여 주시기 바랍니다."
수시 2차의 합격자 발표는 언제인가요?,2023.12.15.(금) 입니다.
수시 2차의 합격자 등록기간은 언제인가요?,2024.02.07.(수) ~ 02.13.(화) 입니다. 해당 기간에 수시 2차 합격자분들은 입학금을 납부하셔야 최종 등록 처리가 완료되므로 유의하시기 바랍니다.
정시 모집일정은 어떻게 되나요?,"원서접수: 2024.01.03.(수) ~ 01.15.(월) 면접: 2024.01.27.(토) 합격자 발표: 2024.02.06.(화) 합격자 등록기간: 2024.02.07.(수) ~ 02.13.(화) 입니다. 면접일정은 지원자 인원수에 따라 변동될 수 있으므로, 우리대학 홈페이지를 잘 확인하여 주시기 바랍니다."
정시 원서접수기간은 어떻게 되나요?,2024.01.03.(수) ~ 01.15.(월)까지 원서 접수 기간입니다.
정시 면접기간은 언제인가요?,"2024.01.27.(토)일 입니다. 지원자 인원수에 따라 변동될 수 있으므로, 우리대학 홈페이지를 잘 확인하여 주시기 바랍니다."
정시 합격자 발표는 언제인가요?,2024.02.06.(화) 입니다.
정시 합격자 등록기간은 언제인가요?,2024.02.07.(수) ~ 02.13.(화) 입니다. 해당 기간에 정시 합격자분들은 입학금을 납부하셔야 최종 등록 처리가 완료되므로 유의하시기 바랍니다.
남자 면접 복장은 어떻게 입어야 하나요?,"상의: 흰색 무지티, 하의: 단정한 긴바지 또는 교복바지, 신발: 단화 또는 운동화를 착용하면 됩니다. 착용불가 복장은 다음과 같습니다. 상의: 카라가 있는 셔츠, 로고나 무늬가 있는 티, 색상 티, 긴팔티 하의: 반바지, 청바지, 체육복"
여자 면접 복장은 어떻게 입어야 하나요?,"상의: 흰색 무지티, 하의: 검정 치마, 신발: 굽이 없는 단화 또는 운동화를 착용하면 됩니다. 착용불가 복장은 다음과 같습니다. 상의: 카라가 있는 셔츠, 로고나 무늬가 있는 티, 색상 티, 긴팔티 하의: 미니스커트, 긴치마, 바지, 검정 스타킹 신발: 하이힐, 굽이 있는 신발"
전과가 가능한가요?,우리대학은 2021년 이후로 전과제도를 운영하고 있습니다. 따라서 전과가 가능합니다.
복수전공이 가능한가요?,우리대학은 복수전공이 불가능합니다.
복수지원이 가능한가요?,"복수지원은 불가능하며, 수시 1차, 수시 2차, 정시 전형별 각각 1개의 학과를 지원할 수 있습니다. 예를 들어 A학과를 수시 1차, 수시 2차 전형으로 지원 할 수 없습니다. 그러나 수시 1차에 A학과, 수시 2차에 B학과 지원은 가능합니다."
수시 1차 합격 후 수시 2차 지원이 가능한가요?,가능합니다.
수시 합격 후 정시에 지원할 수 있을까요?,수시에 합격했다면 정시에 지원할 수 없습니다.
일반고 문과 졸업생인데 공학계열 학과 지원이 가능한가요?,고등학교 계열에 상관없이 모든 학과에 지원 가능합니다.
출신고교 유형을 잘 모르겠어요,"우리대학 입학팀에 문의해주시기 바랍니다. ( 032-870-2404, 2405 )"
일반고 재학 중 위탁직업교육을 수료한 경우는 어떤 고교 유형을 지원해야 하나요?,일반고 졸업자 전형으로 지원할 수 있습니다.
성취평가제 과목(진로선택과목)의 성적은 반영하나요?,"원점수, 과목평균, 표준편차가 모두 있는 과목만 반영합니다."
학생부에서 성적은 어떤 과목들을 반영하나요?,"원점수, 과목평균, 표준편차가 모두 있는 과목만 반영합니다."
어학 특기자 서류의 유효기간은 언제까지인가요?,"취득(응시)일로부터 2년으로, 원서접수 마감일을 기준으로 유효해야 합니다."
기계공학과 수시 1차 일반고 전형의 경쟁률은 어떻게 되나요?,"총 모집인원은 45명, 지원인원은 224명으로, 경쟁률은 5:1 이었습니다."
"기계공학과 수시 1차 일반고 전형의 최고, 최저, 평균 성적은 어떻게 되나요?","최고 2.3, 최저 5.1, 평균은 4.3 이었습니다."
기계공학과 수시 1차 일반고 전형의 예비번호는 어디까지 빠졌나요?,84번까지 빠졌습니다.
기계공학과 수시 1차 특성화고 전형의 경쟁률은 어떻게 되나요?,"총 모집인원은 24명, 지원인원은 166명으로, 경쟁률은 6.9:1 이었습니다."
"기계공학과 수시 1차 특성화고 전형의 최고, 최저, 평균 성적은 어떻게 되나요?","최고 1.6, 최저 2.9, 평균은 2.3 이었습니다."
기계공학과 수시 1차 특성화고 전형의 예비번호는 어디까지 빠졌나요?,53번까지 빠졌습니다.
기계공학과 수시 2차 일반고 전형의 경쟁률은 어떻게 되나요?,"총 모집인원은 20명, 지원인원은 100명으로, 경쟁률은 5:1 이었습니다."
"기계공학과 수시 2차 일반고 전형의 최고, 최저, 평균 성적은 어떻게 되나요?","최고 2.9, 최저 4.5, 평균은 3.6 이었습니다."
기계공학과 수시 2차 일반고 전형의 예비번호는 어디까지 빠졌나요?,26번까지 빠졌습니다.
기계공학과 수시 2차 특성화고 전형의 경쟁률은 어떻게 되나요?,"총 모집인원은 14명, 지원인원은 59명으로, 경쟁률은 4.2:1 이었습니다."
"기계공학과 수시 2차 특성화고 전형의 최고, 최저, 평균 성적은 어떻게 되나요?","최고 1.9, 최저 2.9, 평균은 2.5 이었습니다."
기계공학과 수시 2차 특성화고 전형의 예비번호는 어디까지 빠졌나요?,7번까지 빠졌습니다.
기계공학과 수시 2차 농어촌 전형의 경쟁률은 어떻게 되나요?,"총 모집인원은 1명, 지원인원은 4명으로, 경쟁률은 4:1 이었습니다."
"기계공학과 수시 2차 농어촌 전형의 최고, 최저, 평균 성적은 어떻게 되나요?","모집인원이 1명이었기 때문에 최고, 최저, 평균 모두 5.7 이었습니다."
기계공학과 수시 2차 농어촌 전형의 예비번호는 어디까지 빠졌나요?,예비번호가 없었습니다.
기계공학과 수시 2차 수급자 전형의 경쟁률은 어떻게 되나요?,"총 모집인원은 3명, 지원인원은 8명으로, 경쟁률은 2.7:1 이었습니다."
"기계공학과 수시 2차 수급자 전형의 최고, 최저, 평균 성적은 어떻게 되나요?","최고 2.8, 최저 3.7, 평균은 3.4 이었습니다."
기계공학과 수시 2차 수급자 전형의 예비번호는 어디까지 빠졌나요?,2번까지 빠졌습니다.
기계공학과 정시 전형의 경쟁률은 어떻게 되나요?,"총 모집인원은 12명, 지원인원은 136명으로, 경쟁률은 11.3:1 이었습니다."
"기계공학과 정시 전형의 최고, 최저, 평균 성적은 어떻게 되나요?","최고 172, 최저 125, 평균은 140 이었습니다."
기계공학과 정시 전형의 예비번호는 어디까지 빠졌나요?,60번까지 빠졌습니다.
기계공학과 정시 전형 농어촌 전형의 경쟁률은 어떻게 되나요?,"총 모집인원은 1명, 지원인원은 2명으로, 경쟁률은 2:1 이었습니다."
"기계공학과 정시 전형 농어촌 전형의 최고, 최저, 평균 성적은 어떻게 되나요?",공개된 데이터가 없습니다.
기계공학과 정시 전형 농어촌 전형의 예비번호는 어디까지 빠졌나요?,공개된 데이터가 없습니다.
기계공학과 정시 전형 수급자 전형의 경쟁률은 어떻게 되나요?,"총 모집인원은 1명, 지원인원은 4명으로, 경쟁률은 4:1 이었습니다."
"기계공학과 정시 전형 수급자 전형의 최고, 최저, 평균 성적은 어떻게 되나요?","모집인원이 1명이었기 때문에 최고, 최저, 평균 모두 127 이었습니다."
기계공학과 정시 전형 수급자 전형의 예비번호는 어디까지 빠졌나요?,예비번호가 없었습니다.
기계설계공학과 수시 1차 일반고 전형의 경쟁률은 어떻게 되나요?,"총 모집인원은 42명, 지원인원은 151명으로, 경쟁률은 3.6:1 이었습니다."
"기계설계공학과 수시 1차 일반고 전형의 최고, 최저, 평균 성적은 어떻게 되나요?","최고 3.6, 최저 5.8, 평균은 4.8 이었습니다."
기계설계공학과 수시 1차 일반고 전형의 예비번호는 어디까지 빠졌나요?,64번까지 빠졌습니다.
기계설계공학과 수시 1차 특성화고 전형의 경쟁률은 어떻게 되나요?,"총 모집인원은 28명, 지원인원은 98명으로, 경쟁률은 3.5:1 이었습니다."
"기계설계공학과 수시 1차 특성화고 전형의 최고, 최저, 평균 성적은 어떻게 되나요?","최고 1.3, 최저 3.6, 평균은 2.7 이었습니다."
기계설계공학과 수시 1차 특성화고 전형의 예비번호는 어디까지 빠졌나요?,34번까지 빠졌습니다.
기계설계공학과 수시 2차 일반고 전형의 경쟁률은 어떻게 되나요?,"총 모집인원은 20명, 지원인원은 76명으로, 경쟁률은 3.8:1 이었습니다."
"기계설계공학과 수시 2차 일반고 전형의 최고, 최저, 평균 성적은 어떻게 되나요?","최고 4.1, 최저 5.8, 평균은 5.0 이었습니다."
기계설계공학과 수시 2차 일반고 전형의 예비번호는 어디까지 빠졌나요?,31번까지 빠졌습니다.
기계설계공학과 수시 2차 특성화고 전형의 경쟁률은 어떻게 되나요?,"총 모집인원은 14명, 지원인원은 54명으로, 경쟁률은 3.9:1 이었습니다."
"기계설계공학과 수시 2차 특성화고 전형의 최고, 최저, 평균 성적은 어떻게 되나요?","최고 2.4, 최저 3.4, 평균은 2.9 이었습니다."
기계설계공학과 수시 2차 특성화고 전형의 예비번호는 어디까지 빠졌나요?,16번까지 빠졌습니다.
기계설계공학과 수시 2차 농어촌 전형의 경쟁률은 어떻게 되나요?,"총 모집인원은 1명, 지원인원은 1명으로, 경쟁률은 1:1 이었습니다."
"기계설계공학과 수시 2차 농어촌 전형의 최고, 최저, 평균 성적은 어떻게 되나요?","모집인원이 1명이었기 때문에 최고, 최저, 평균 모두 5.7 이었습니다."
기계설계공학과 수시 2차 농어촌 전형의 예비번호는 어디까지 빠졌나요?,예비번호가 없었습니다.
기계설계공학과 수시 2차 수급자 전형의 경쟁률은 어떻게 되나요?,"총 모집인원은 3명, 지원인원은 4명으로, 경쟁률은 1.3:1 이었습니다."
"기계설계공학과 수시 2차 수급자 전형의 최고, 최저, 평균 성적은 어떻게 되나요?","최고 3.0, 최저 3.6, 평균은 3.3 이었습니다."
기계설계공학과 수시 2차 수급자 전형의 예비번호는 어디까지 빠졌나요?,예비번호가 없었습니다.
기계설계공학과 정시 전형의 경쟁률은 어떻게 되나요?,"총 모집인원은 12명, 지원인원은 150명으로, 경쟁률은 12.5:1 이었습니다."
"기계설계공학과 정시 전형의 최고, 최저, 평균 성적은 어떻게 되나요?","최고 134, 최저 119, 평균은 108 이었습니다."
기계설계공학과 정시 전형의 예비번호는 어디까지 빠졌나요?,55번까지 빠졌습니다.
기계설계공학과 정시 전형 농어촌 전형의 경쟁률은 어떻게 되나요?,"총 모집인원은 1명, 지원인원은 1명으로, 경쟁률은 1:1 이었습니다."
"기계설계공학과 정시 전형 농어촌 전형의 최고, 최저, 평균 성적은 어떻게 되나요?","모집인원이 1명이었기 때문에 최고, 최저, 평균 모두 78 이었습니다."
기계설계공학과 정시 전형 농어촌 전형의 예비번호는 어디까지 빠졌나요?,예비번호가 없었습니다.
기계설계공학과 정시 전형 수급자 전형의 경쟁률은 어떻게 되나요?,"총 모집인원은 1명, 지원인원은 2명으로, 경쟁률은 2:1 이었습니다."
"기계설계공학과 정시 전형 수급자 전형의 최고, 최저, 평균 성적은 어떻게 되나요?",공개된 데이터가 없습니다.
기계설계공학과 정시 전형 수급자 전형의 예비번호는 어디까지 빠졌나요?,공개된 데이터가 없습니다.
메카트로닉스공학과 수시 1차 일반고 전형의 경쟁률은 어떻게 되나요?,"총 모집인원은 35명, 지원인원은 151명으로, 경쟁률은 4.3:1 이었습니다."
"메카트로닉스공학과 수시 1차 일반고 전형의 최고, 최저, 평균 성적은 어떻게 되나요?","최고 3.7, 최저 5.3, 평균은 4.7 이었습니다."
메카트로닉스공학과 수시 1차 일반고 전형의 예비번호는 어디까지 빠졌나요?,67번까지 빠졌습니다.
메카트로닉스공학과 수시 1차 특성화고 전형의 경쟁률은 어떻게 되나요?,"총 모집인원은 13명, 지원인원은 82명으로, 경쟁률은 6.3:1 이었습니다."
"메카트로닉스공학과 수시 1차 특성화고 전형의 최고, 최저, 평균 성적은 어떻게 되나요?","최고 1.3, 최저 2.7, 평균은 2.2 이었습니다."
메카트로닉스공학과 수시 1차 특성화고 전형의 예비번호는 어디까지 빠졌나요?,14번까지 빠졌습니다.
메카트로닉스공학과 수시 2차 일반고 전형의 경쟁률은 어떻게 되나요?,"총 모집인원은 17명, 지원인원은 63명으로, 경쟁률은 3.7:1 이었습니다."
"메카트로닉스공학과 수시 2차 일반고 전형의 최고, 최저, 평균 성적은 어떻게 되나요?","최고 3.6, 최저 5.2, 평균은 4.8 이었습니다."
메카트로닉스공학과 수시 2차 일반고 전형의 예비번호는 어디까지 빠졌나요?,20번까지 빠졌습니다.
메카트로닉스공학과 수시 2차 특성화고 전형의 경쟁률은 어떻게 되나요?,"총 모집인원은 7명, 지원인원은 28명으로, 경쟁률은 4.0:1 이었습니다."
"메카트로닉스공학과 수시 2차 특성화고 전형의 최고, 최저, 평균 성적은 어떻게 되나요?","최고 2.1, 최저 3.2 평균은 2.7 이었습니다."
메카트로닉스공학과 수시 2차 특성화고 전형의 예비번호는 어디까지 빠졌나요?,2번까지 빠졌습니다.
메카트로닉스공학과 수시 2차 농어촌 전형의 경쟁률은 어떻게 되나요?,"총 모집인원은 1명, 지원인원은 1명으로, 경쟁률은 1:1 이었습니다."
"메카트로닉스공학과 수시 2차 농어촌 전형의 최고, 최저, 평균 성적은 어떻게 되나요?",공개된 데이터가 없습니다.
메카트로닉스공학과 수시 2차 농어촌 전형의 예비번호는 어디까지 빠졌나요?,예비번호가 없었습니다.
메카트로닉스공학과 수시 2차 수급자 전형의 경쟁률은 어떻게 되나요?,"총 모집인원은 3명, 지원인원은 5명으로, 경쟁률은 1.7:1 이었습니다."
"메카트로닉스공학과 수시 2차 수급자 전형의 최고, 최저, 평균 성적은 어떻게 되나요?","최고 3.7, 최저 6.1, 평균은 4.9 이었습니다."
메카트로닉스공학과 수시 2차 수급자 전형의 예비번호는 어디까지 빠졌나요?,예비번호가 없었습니다.
메카트로닉스공학과 정시 전형의 경쟁률은 어떻게 되나요?,"총 모집인원은 8명, 지원인원은 92명으로, 경쟁률은 11.5:1 이었습니다."
"메카트로닉스공학과 정시 전형의 최고, 최저, 평균 성적은 어떻게 되나요?","최고 181, 최저 121, 평균은 137 이었습니다."
메카트로닉스공학과 정시 전형의 예비번호는 어디까지 빠졌나요?,38번까지 빠졌습니다.
메카트로닉스공학과 정시 전형 농어촌 전형의 경쟁률은 어떻게 되나요?,"총 모집인원은 1명, 지원인원은 2명으로, 경쟁률은 2:1 이었습니다."
"메카트로닉스공학과 정시 전형 농어촌 전형의 최고, 최저, 평균 성적은 어떻게 되나요?","최고 122, 최저 101, 평균 112이었습니다."
메카트로닉스공학과 정시 전형 농어촌 전형의 예비번호는 어디까지 빠졌나요?,1번까지 빠졌습니다.
메카트로닉스공학과 정시 전형 수급자 전형의 경쟁률은 어떻게 되나요?,"총 모집인원은 1명, 지원인원은 2명으로, 경쟁률은 2:1 이었습니다."
"메카트로닉스공학과 정시 전형 수급자 전형의 최고, 최저, 평균 성적은 어떻게 되나요?",공개된 데이터가 없습니다.
메카트로닉스공학과 정시 전형 수급자 전형의 예비번호는 어디까지 빠졌나요?,공개된 데이터가 없습니다.
조선기계공학과 수시 1차 일반고 전형의 경쟁률은 어떻게 되나요?,"총 모집인원은 41명, 지원인원은 150명으로, 경쟁률은 3.7:1 이었습니다."
"조선기계공학과 수시 1차 일반고 전형의 최고, 최저, 평균 성적은 어떻게 되나요?","최고 3.8, 최저 6.6, 평균은 5.7 이었습니다."
조선기계공학과 수시 1차 일반고 전형의 예비번호는 어디까지 빠졌나요?,73번까지 빠졌습니다.
조선기계공학과 수시 1차 특성화고 전형의 경쟁률은 어떻게 되나요?,"총 모집인원은 14명, 지원인원은 50명으로, 경쟁률은 3.6:1 이었습니다."
"조선기계공학과 수시 1차 특성화고 전형의 최고, 최저, 평균 성적은 어떻게 되나요?","최고 2.9, 최저 6.7, 평균은 3.9 이었습니다."
조선기계공학과 수시 1차 특성화고 전형의 예비번호는 어디까지 빠졌나요?,33번까지 빠졌습니다.
조선기계공학과 수시 2차 일반고 전형의 경쟁률은 어떻게 되나요?,"총 모집인원은 19명, 지원인원은 87명으로, 경쟁률은 4.6:1 이었습니다."
"조선기계공학과 수시 2차 일반고 전형의 최고, 최저, 평균 성적은 어떻게 되나요?","최고 4.2, 최저 6.9, 평균은 5.6 이었습니다."
조선기계공학과 수시 2차 일반고 전형의 예비번호는 어디까지 빠졌나요?,57번까지 빠졌습니다.
조선기계공학과 수시 2차 특성화고 전형의 경쟁률은 어떻게 되나요?,"총 모집인원은 8명, 지원인원은 24명으로, 경쟁률은 3.0:1 이었습니다."
"조선기계공학과 수시 2차 특성화고 전형의 최고, 최저, 평균 성적은 어떻게 되나요?","최고 3.7, 최저 4.6 평균은 4.0 이었습니다."
조선기계공학과 수시 2차 특성화고 전형의 예비번호는 어디까지 빠졌나요?,5번까지 빠졌습니다.
조선기계공학과 수시 2차 농어촌 전형의 경쟁률은 어떻게 되나요?,"총 모집인원은 1명, 지원인원은 1명으로, 경쟁률은 1:1 이었습니다."
"조선기계공학과 수시 2차 농어촌 전형의 최고, 최저, 평균 성적은 어떻게 되나요?","모집인원이 1명이었기 때문에 최고, 최저, 평균 모두 6.0 이었습니다."
조선기계공학과 수시 2차 농어촌 전형의 예비번호는 어디까지 빠졌나요?,예비번호가 없었습니다.
조선기계공학과 수시 2차 수급자 전형의 경쟁률은 어떻게 되나요?,"총 모집인원은 1명, 지원인원은 2명으로, 경쟁률은 2:1 이었습니다."
"조선기계공학과 수시 2차 수급자 전형의 최고, 최저, 평균 성적은 어떻게 되나요?","모집인원이 1명이었기 때문에 최고, 최저, 평균 모두 4.6 이었습니다."
조선기계공학과 수시 2차 수급자 전형의 예비번호는 어디까지 빠졌나요?,예비번호가 없었습니다.
조선기계공학과 정시 전형의 경쟁률은 어떻게 되나요?,"총 모집인원은 9명, 지원인원은 77명으로, 경쟁률은 8.6:1 이었습니다."
"조선기계공학과 정시 전형의 최고, 최저, 평균 성적은 어떻게 되나요?","최고 141, 최저 102, 평균은 112 이었습니다."
조선기계공학과 정시 전형의 예비번호는 어디까지 빠졌나요?,25번까지 빠졌습니다.
조선기계공학과 정시 전형 농어촌 전형의 경쟁률은 어떻게 되나요?,"총 모집인원은 1명, 지원인원은 0명 이었습니다."
"조선기계공학과 정시 전형 농어촌 전형의 최고, 최저, 평균 성적은 어떻게 되나요?",모집된 인원이 없었습니다.
조선기계공학과 정시 전형 농어촌 전형의 예비번호는 어디까지 빠졌나요?,모집된 인원이 없었습니다.
조선기계공학과 정시 전형 수급자 전형의 경쟁률은 어떻게 되나요?,"총 모집인원은 1명, 지원인원은 1명으로, 경쟁률은 1:1 이었습니다."
"조선기계공학과 정시 전형 수급자 전형의 최고, 최저, 평균 성적은 어떻게 되나요?","모집인원이 1명이었기 때문에 최고, 최저, 평균 모두 111 이었습니다."
조선기계공학과 정시 전형 수급자 전형의 예비번호는 어디까지 빠졌나요?,예비번호가 없었습니다.
항공기계공학과 수시 1차 일반고 전형의 경쟁률은 어떻게 되나요?,"총 모집인원은 31명, 지원인원은 254명으로, 경쟁률은 8.2:1 이었습니다."
"항공기계공학과 수시 1차 일반고 전형의 최고, 최저, 평균 성적은 어떻게 되나요?","최고 2.1, 최저 4.2, 평균은 3.5 이었습니다."
항공기계공학과 수시 1차 일반고 전형의 예비번호는 어디까지 빠졌나요?,99번까지 빠졌습니다.
항공기계공학과 수시 1차 특성화고 전형의 경쟁률은 어떻게 되나요?,"총 모집인원은 15명, 지원인원은 125명으로, 경쟁률은 8.3:1 이었습니다."
"항공기계공학과 수시 1차 특성화고 전형의 최고, 최저, 평균 성적은 어떻게 되나요?","최고 1.2, 최저 2.2, 평균은 1.9 이었습니다."
항공기계공학과 수시 1차 특성화고 전형의 예비번호는 어디까지 빠졌나요?,38번까지 빠졌습니다.
항공기계공학과 수시 2차 일반고 전형의 경쟁률은 어떻게 되나요?,"총 모집인원은 16명, 지원인원은 125명으로, 경쟁률은 7.8:1 이었습니다."
"항공기계공학과 수시 2차 일반고 전형의 최고, 최저, 평균 성적은 어떻게 되나요?","최고 3.0, 최저 4.2, 평균은 3.6 이었습니다."
항공기계공학과 수시 2차 일반고 전형의 예비번호는 어디까지 빠졌나요?,54번까지 빠졌습니다.
항공기계공학과 수시 2차 특성화고 전형의 경쟁률은 어떻게 되나요?,"총 모집인원은 8명, 지원인원은 31명으로, 경쟁률은 3.9:1 이었습니다."
"항공기계공학과 수시 2차 특성화고 전형의 최고, 최저, 평균 성적은 어떻게 되나요?","최고 2.6, 최저 4.0 평균은 3.3 이었습니다."
항공기계공학과 수시 2차 특성화고 전형의 예비번호는 어디까지 빠졌나요?,16번까지 빠졌습니다.
항공기계공학과 수시 2차 어학 특기자 전형의 경쟁률은 어떻게 되나요?,"총 모집인원은 5명, 지원인원은 10명으로, 경쟁률은 2:1 이었습니다."
"항공기계공학과 수시 2차 어학 특기자 전형의 최고, 최저, 평균 성적은 어떻게 되나요?","최고 845, 최저 745 평균은 798 이었습니다."
항공기계공학과 수시 2차 어학 특기자 전형의 예비번호는 어디까지 빠졌나요?,3번까지 빠졌습니다.
항공기계공학과 수시 2차 농어촌 전형의 경쟁률은 어떻게 되나요?,"총 모집인원은 1명, 지원인원은 7명으로, 경쟁률은 7:1 이었습니다."
"항공기계공학과 수시 2차 농어촌 전형의 최고, 최저, 평균 성적은 어떻게 되나요?","최고 3.2, 최저 4.5, 평균 3.8 이었습니다."
항공기계공학과 수시 2차 농어촌 전형의 예비번호는 어디까지 빠졌나요?,3번까지 빠졌습니다.
항공기계공학과 수시 2차 수급자 전형의 경쟁률은 어떻게 되나요?,"총 모집인원은 1명, 지원인원은 8명으로, 경쟁률은 8:1 이었습니다."
"항공기계공학과 수시 2차 수급자 전형의 최고, 최저, 평균 성적은 어떻게 되나요?","최고 2.5, 최저 3.6, 평균 3.0 이었습니다."
항공기계공학과 수시 2차 수급자 전형의 예비번호는 어디까지 빠졌나요?,2번까지 빠졌습니다.
항공기계공학과 정시 전형의 경쟁률은 어떻게 되나요?,"총 모집인원은 9명, 지원인원은 185명으로, 경쟁률은 20.6:1 이었습니다."
"항공기계공학과 정시 전형의 최고, 최저, 평균 성적은 어떻게 되나요?","최고 173, 최저 155, 평균은 164 이었습니다."
항공기계공학과 정시 전형의 예비번호는 어디까지 빠졌나요?,59번까지 빠졌습니다.
항공기계공학과 정시 전형 농어촌 전형의 경쟁률은 어떻게 되나요?,"총 모집인원은 1명, 지원인원은 4명으로, 경쟁률은 4:1 이었습니다."
"항공기계공학과 정시 전형 농어촌 전형의 최고, 최저, 평균 성적은 어떻게 되나요?",공개된 데이터가 없습니다.
항공기계공학과 정시 전형 농어촌 전형의 예비번호는 어디까지 빠졌나요?,공개된 데이터가 없습니다.
항공기계공학과 정시 전형 수급자 전형의 경쟁률은 어떻게 되나요?,"총 모집인원은 1명, 지원인원은 8명으로, 경쟁률은 8:1 이었습니다."
"항공기계공학과 정시 전형 수급자 전형의 최고, 최저, 평균 성적은 어떻게 되나요?","최고 127, 최저 84, 평균은 106 이었습니다."
항공기계공학과 정시 전형 수급자 전형의 예비번호는 어디까지 빠졌나요?,공개된 데이터가 없습니다.
자동차공학과 수시 1차 일반고 전형의 경쟁률은 어떻게 되나요?,"총 모집인원은 42명, 지원인원은 311명으로, 경쟁률은 7.4:1 이었습니다."
"자동차공학과 수시 1차 일반고 전형의 최고, 최저, 평균 성적은 어떻게 되나요?","최고 2.9, 최저 5.5, 평균은 4.7 이었습니다."
자동차공학과 수시 1차 일반고 전형의 예비번호는 어디까지 빠졌나요?,136번까지 빠졌습니다.
자동차공학과 수시 1차 특성화고 전형의 경쟁률은 어떻게 되나요?,"총 모집인원은 27명, 지원인원은 153명으로, 경쟁률은 5.7:1 이었습니다."
"자동차공학과 수시 1차 특성화고 전형의 최고, 최저, 평균 성적은 어떻게 되나요?","최고 1.9, 최저 3.9, 평균은 3.0 이었습니다."
자동차공학과 수시 1차 특성화고 전형의 예비번호는 어디까지 빠졌나요?,63번까지 빠졌습니다.
자동차공학과 수시 2차 일반고 전형의 경쟁률은 어떻게 되나요?,"총 모집인원은 20명, 지원인원은 91명으로, 경쟁률은 4.6:1 이었습니다."
"자동차공학과 수시 2차 일반고 전형의 최고, 최저, 평균 성적은 어떻게 되나요?","최고 3.8, 최저 5.5, 평균은 4.9 이었습니다."
자동차공학과 수시 2차 일반고 전형의 예비번호는 어디까지 빠졌나요?,34번까지 빠졌습니다.
자동차공학과 수시 2차 특성화고 전형의 경쟁률은 어떻게 되나요?,"총 모집인원은 16명, 지원인원은 56명으로, 경쟁률은 3.5:1 이었습니다."
"자동차공학과 수시 2차 특성화고 전형의 최고, 최저, 평균 성적은 어떻게 되나요?","최고 2.6, 최저 4.3 평균은 3.4 이었습니다."
자동차공학과 수시 2차 특성화고 전형의 예비번호는 어디까지 빠졌나요?,18번까지 빠졌습니다.
자동차공학과 수시 2차 농어촌 전형의 경쟁률은 어떻게 되나요?,"총 모집인원은 1명, 지원인원은 3명으로, 경쟁률은 3:1 이었습니다."
"자동차공학과 수시 2차 농어촌 전형의 최고, 최저, 평균 성적은 어떻게 되나요?","모집인원이 1명이었기 때문에 최고, 최저, 평균 모두 5.7 이었습니다."
자동차공학과 수시 2차 농어촌 전형의 예비번호는 어디까지 빠졌나요?,예비번호가 없었습니다.
자동차공학과 수시 2차 수급자 전형의 경쟁률은 어떻게 되나요?,"총 모집인원은 3명, 지원인원은 9명으로, 경쟁률은 3:1 이었습니다."
"자동차공학과 수시 2차 수급자 전형의 최고, 최저, 평균 성적은 어떻게 되나요?","최고 3.5, 최저 4.0, 평균 3.8 이었습니다."
자동차공학과 수시 2차 수급자 전형의 예비번호는 어디까지 빠졌나요?,예비번호가 없었습니다.
자동차공학과 정시 전형의 경쟁률은 어떻게 되나요?,"총 모집인원은 12명, 지원인원은 151명으로, 경쟁률은 12.6:1 이었습니다."
"자동차공학과 정시 전형의 최고, 최저, 평균 성적은 어떻게 되나요?","최고 151, 최저 113, 평균은 127 이었습니다."
자동차공학과 정시 전형의 예비번호는 어디까지 빠졌나요?,공개된 데이터가 없습니다.
자동차공학과 정시 전형 농어촌 전형의 경쟁률은 어떻게 되나요?,"총 모집인원은 1명, 지원인원은 2명으로, 경쟁률은 2:1 이었습니다."
"자동차공학과 정시 전형 농어촌 전형의 최고, 최저, 평균 성적은 어떻게 되나요?",공개된 데이터가 없습니다.
자동차공학과 정시 전형 농어촌 전형의 예비번호는 어디까지 빠졌나요?,공개된 데이터가 없습니다.
자동차공학과 정시 전형 수급자 전형의 경쟁률은 어떻게 되나요?,"총 모집인원은 1명, 지원인원은 2명으로, 경쟁률은 2:1 이었습니다."
"자동차공학과 정시 전형 수급자 전형의 최고, 최저, 평균 성적은 어떻게 되나요?","모집인원이 1명이었기 때문에 최고, 최저, 평균 모두 65 이었습니다."
자동차공학과 정시 전형 수급자 전형의 예비번호는 어디까지 빠졌나요?,예비번호가 없었습니다.
전기공학과 수시 1차 일반고 전형의 경쟁률은 어떻게 되나요?,"총 모집인원은 42명, 지원인원은 259명으로, 경쟁률은 6.2:1 이었습니다."
"전기공학과 수시 1차 일반고 전형의 최고, 최저, 평균 성적은 어떻게 되나요?","최고 2.6, 최저 4.4, 평균은 3.8 이었습니다."
전기공학과 수시 1차 일반고 전형의 예비번호는 어디까지 빠졌나요?,40번까지 빠졌습니다.
전기공학과 수시 1차 특성화고 전형의 경쟁률은 어떻게 되나요?,"총 모집인원은 27명, 지원인원은 269명으로, 경쟁률은 10:1 이었습니다."
"전기공학과 수시 1차 특성화고 전형의 최고, 최저, 평균 성적은 어떻게 되나요?","최고 1.0, 최저 2.4, 평균은 2.0 이었습니다."
전기공학과 수시 1차 특성화고 전형의 예비번호는 어디까지 빠졌나요?,49번까지 빠졌습니다.
전기공학과 수시 2차 일반고 전형의 경쟁률은 어떻게 되나요?,"총 모집인원은 18명, 지원인원은 122명으로, 경쟁률은 6.8:1 이었습니다."
"전기공학과 수시 2차 일반고 전형의 최고, 최저, 평균 성적은 어떻게 되나요?","최고 3.0, 최저 4.2, 평균은 3.7 이었습니다."
전기공학과 수시 2차 일반고 전형의 예비번호는 어디까지 빠졌나요?,28번까지 빠졌습니다.
전기공학과 수시 2차 특성화고 전형의 경쟁률은 어떻게 되나요?,"총 모집인원은 17명, 지원인원은 92명으로, 경쟁률은 5.4:1 이었습니다."
"전기공학과 수시 2차 특성화고 전형의 최고, 최저, 평균 성적은 어떻게 되나요?","최고 1.7, 최저 2.7 평균은 2.2 이었습니다."
전기공학과 수시 2차 특성화고 전형의 예비번호는 어디까지 빠졌나요?,18번까지 빠졌습니다.
전기공학과 수시 2차 농어촌 전형의 경쟁률은 어떻게 되나요?,"총 모집인원은 1명, 지원인원은 2명으로, 경쟁률은 2:1 이었습니다."
"전기공학과 수시 2차 농어촌 전형의 최고, 최저, 평균 성적은 어떻게 되나요?",공개된 데이터가 없습니다.
전기공학과 수시 2차 농어촌 전형의 예비번호는 어디까지 빠졌나요?,공개된 데이터가 없습니다.
전기공학과 수시 2차 수급자 전형의 경쟁률은 어떻게 되나요?,"총 모집인원은 3명, 지원인원은 11명으로, 경쟁률은 3.7:1 이었습니다."
"전기공학과 수시 2차 수급자 전형의 최고, 최저, 평균 성적은 어떻게 되나요?","최고 3.0, 최저 4.9, 평균 3.8 이었습니다."
전기공학과 수시 2차 수급자 전형의 예비번호는 어디까지 빠졌나요?,4번까지 빠졌습니다.
전기공학과 정시 전형의 경쟁률은 어떻게 되나요?,"총 모집인원은 12명, 지원인원은 144명으로, 경쟁률은 12:1 이었습니다."
"전기공학과 정시 전형의 최고, 최저, 평균 성적은 어떻게 되나요?","최고 169, 최저 146, 평균은 132 이었습니다."
전기공학과 정시 전형의 예비번호는 어디까지 빠졌나요?,42번까지 빠졌습니다.
전기공학과 정시 전형 농어촌 전형의 경쟁률은 어떻게 되나요?,"총 모집인원은 1명, 지원인원은 2명으로, 경쟁률은 2:1 이었습니다."
"전기공학과 정시 전형 농어촌 전형의 최고, 최저, 평균 성적은 어떻게 되나요?","모집인원이 1명이었기 때문에 최고, 최저, 평균 모두 77 이었습니다."
전기공학과 정시 전형 농어촌 전형의 예비번호는 어디까지 빠졌나요?,예비번호가 없었습니다.
전기공학과 정시 전형 수급자 전형의 경쟁률은 어떻게 되나요?,"총 모집인원은 1명, 지원인원은 4명으로, 경쟁률은 4:1 이었습니다."
"전기공학과 정시 전형 수급자 전형의 최고, 최저, 평균 성적은 어떻게 되나요?","최고 129, 최저 50, 평균 90 이었습니다."
전기공학과 정시 전형 수급자 전형의 예비번호는 어디까지 빠졌나요?,공개된 데이터가 없습니다.
정보통신공학과 수시 1차 일반고 전형의 경쟁률은 어떻게 되나요?,"총 모집인원은 48명, 지원인원은 368명으로, 경쟁률은 7.7:1 이었습니다."
"정보통신공학과 수시 1차 일반고 전형의 최고, 최저, 평균 성적은 어떻게 되나요?","최고 3.8, 최저 5.4, 평균은 4.9 이었습니다."
정보통신공학과 수시 1차 일반고 전형의 예비번호는 어디까지 빠졌나요?,102번까지 빠졌습니다.
정보통신공학과 수시 1차 특성화고 전형의 경쟁률은 어떻게 되나요?,"총 모집인원은 20명, 지원인원은 82명으로, 경쟁률은 4.1:1 이었습니다."
"정보통신공학과 수시 1차 특성화고 전형의 최고, 최저, 평균 성적은 어떻게 되나요?","최고 1.9, 최저 4.5, 평균은 3.4 이었습니다."
정보통신공학과 수시 1차 특성화고 전형의 예비번호는 어디까지 빠졌나요?,49번까지 빠졌습니다.
정보통신공학과 수시 2차 일반고 전형의 경쟁률은 어떻게 되나요?,"총 모집인원은 24명, 지원인원은 139명으로, 경쟁률은 5.8:1 이었습니다."
"정보통신공학과 수시 2차 일반고 전형의 최고, 최저, 평균 성적은 어떻게 되나요?","최고 3.5, 최저 5.4, 평균은 4.7 이었습니다."
정보통신공학과 수시 2차 일반고 전형의 예비번호는 어디까지 빠졌나요?,58번까지 빠졌습니다.
정보통신공학과 수시 2차 특성화고 전형의 경쟁률은 어떻게 되나요?,"총 모집인원은 10명, 지원인원은 39명으로, 경쟁률은 3.9:1 이었습니다."
"정보통신공학과 수시 2차 특성화고 전형의 최고, 최저, 평균 성적은 어떻게 되나요?","최고 2.7, 최저 4.1 평균은 3.4 이었습니다."
정보통신공학과 수시 2차 특성화고 전형의 예비번호는 어디까지 빠졌나요?,17번까지 빠졌습니다.
정보통신공학과 수시 2차 농어촌 전형의 경쟁률은 어떻게 되나요?,"총 모집인원은 1명, 지원인원은 1명으로, 경쟁률은 1:1 이었습니다."
"정보통신공학과 수시 2차 농어촌 전형의 최고, 최저, 평균 성적은 어떻게 되나요?","모집인원이 1명이었기 때문에 최고, 최저, 평균 모두 5.2 이었습니다."
정보통신공학과 수시 2차 농어촌 전형의 예비번호는 어디까지 빠졌나요?,예비번호가 없었습니다.
정보통신공학과 수시 2차 수급자 전형의 경쟁률은 어떻게 되나요?,"총 모집인원은 3명, 지원인원은 7명으로, 경쟁률은 2.3:1 이었습니다."
"정보통신공학과 수시 2차 수급자 전형의 최고, 최저, 평균 성적은 어떻게 되나요?","최고 3.5, 최저 4.9, 평균 4.3 이었습니다."
정보통신공학과 수시 2차 수급자 전형의 예비번호는 어디까지 빠졌나요?,2번까지 빠졌습니다.
정보통신공학과 정시 전형의 경쟁률은 어떻게 되나요?,"총 모집인원은 12명, 지원인원은 174명으로, 경쟁률은 14.5:1 이었습니다."
"정보통신공학과 정시 전형의 최고, 최저, 평균 성적은 어떻게 되나요?","최고 183, 최저 130, 평균은 141 이었습니다."
정보통신공학과 정시 전형의 예비번호는 어디까지 빠졌나요?,41번까지 빠졌습니다.
정보통신공학과 정시 전형 농어촌 전형의 경쟁률은 어떻게 되나요?,"총 모집인원은 1명, 지원인원은 1명으로, 경쟁률은 1:1 이었습니다."
"정보통신공학과 정시 전형 농어촌 전형의 최고, 최저, 평균 성적은 어떻게 되나요?","모집인원이 1명이었기 때문에 최고, 최저, 평균 모두 114 이었습니다."
정보통신공학과 정시 전형 농어촌 전형의 예비번호는 어디까지 빠졌나요?,예비번호가 없었습니다.
정보통신공학과 정시 전형 수급자 전형의 경쟁률은 어떻게 되나요?,"총 모집인원은 1명, 지원인원은 3명으로, 경쟁률은 3:1 이었습니다."
"정보통신공학과 정시 전형 수급자 전형의 최고, 최저, 평균 성적은 어떻게 되나요?","모집인원이 1명이었기 때문에 최고, 최저, 평균 모두 95 이었습니다."
정보통신공학과 정시 전형 수급자 전형의 예비번호는 어디까지 빠졌나요?,예비번호가 없었습니다.
컴퓨터정보공학과 수시 1차 일반고 전형의 경쟁률은 어떻게 되나요?,"총 모집인원은 40명, 지원인원은 268명으로, 경쟁률은 6.7:1 이었습니다."
"컴퓨터정보공학과 수시 1차 일반고 전형의 최고, 최저, 평균 성적은 어떻게 되나요?","최고 1.5, 최저 4.6, 평균은 3.9 이었습니다."
컴퓨터정보공학과 수시 1차 일반고 전형의 예비번호는 어디까지 빠졌나요?,104번까지 빠졌습니다.
컴퓨터정보공학과 수시 1차 특성화고 전형의 경쟁률은 어떻게 되나요?,"총 모집인원은 15명, 지원인원은 111명으로, 경쟁률은 7.4:1 이었습니다."
"컴퓨터정보공학과 수시 1차 특성화고 전형의 최고, 최저, 평균 성적은 어떻게 되나요?","최고 1.4, 최저 3.0, 평균은 2.2 이었습니다."
컴퓨터정보공학과 수시 1차 특성화고 전형의 예비번호는 어디까지 빠졌나요?,42번까지 빠졌습니다.
컴퓨터정보공학과 수시 2차 일반고 전형의 경쟁률은 어떻게 되나요?,"총 모집인원은 20명, 지원인원은 132명으로, 경쟁률은 6.6:1 이었습니다."
"컴퓨터정보공학과 수시 2차 일반고 전형의 최고, 최저, 평균 성적은 어떻게 되나요?","최고 2.5, 최저 4.2, 평균은 3.3 이었습니다."
컴퓨터정보공학과 수시 2차 일반고 전형의 예비번호는 어디까지 빠졌나요?,48번까지 빠졌습니다.
컴퓨터정보공학과 수시 2차 특성화고 전형의 경쟁률은 어떻게 되나요?,"총 모집인원은 7명, 지원인원은 52명으로, 경쟁률은 7.4:1 이었습니다."
"컴퓨터정보공학과 수시 2차 특성화고 전형의 최고, 최저, 평균 성적은 어떻게 되나요?","최고 1.8, 최저 2.9 평균은 2.5 이었습니다."
컴퓨터정보공학과 수시 2차 특성화고 전형의 예비번호는 어디까지 빠졌나요?,14번까지 빠졌습니다.
컴퓨터정보공학과 수시 2차 농어촌 전형의 경쟁률은 어떻게 되나요?,"총 모집인원은 1명, 지원인원은 1명으로, 경쟁률은 1:1 이었습니다."
"컴퓨터정보공학과 수시 2차 농어촌 전형의 최고, 최저, 평균 성적은 어떻게 되나요?","모집인원이 1명이었기 때문에 최고, 최저, 평균 모두 5.7 이었습니다."
컴퓨터정보공학과 수시 2차 농어촌 전형의 예비번호는 어디까지 빠졌나요?,예비번호가 없었습니다.
컴퓨터정보공학과 수시 2차 수급자 전형의 경쟁률은 어떻게 되나요?,"총 모집인원은 2명, 지원인원은 8명으로, 경쟁률은 4.0:1 이었습니다."
"컴퓨터정보공학과 수시 2차 수급자 전형의 최고, 최저, 평균 성적은 어떻게 되나요?","최고 2.7, 최저 3.5, 평균 3.1 이었습니다."
컴퓨터정보공학과 수시 2차 수급자 전형의 예비번호는 어디까지 빠졌나요?,1번까지 빠졌습니다.
컴퓨터정보공학과 정시 전형의 경쟁률은 어떻게 되나요?,"총 모집인원은 9명, 지원인원은 248명으로, 경쟁률은 6.2:1 이었습니다."
"컴퓨터정보공학과 정시 전형의 최고, 최저, 평균 성적은 어떻게 되나요?","최고 170, 최저 147, 평균은 155 이었습니다."
컴퓨터정보공학과 정시 전형의 예비번호는 어디까지 빠졌나요?,78번까지 빠졌습니다.
컴퓨터정보공학과 정시 전형 농어촌 전형의 경쟁률은 어떻게 되나요?,"총 모집인원은 1명, 지원인원은 2명으로, 경쟁률은 2:1 이었습니다."
"컴퓨터정보공학과 정시 전형 농어촌 전형의 최고, 최저, 평균 성적은 어떻게 되나요?","최고 145, 최저 99, 평균은 122 이었습니다."
컴퓨터정보공학과 정시 전형 농어촌 전형의 예비번호는 어디까지 빠졌나요?,1번까지 빠졌습니다.
컴퓨터정보공학과 정시 전형 수급자 전형의 경쟁률은 어떻게 되나요?,"총 모집인원은 1명, 지원인원은 11명으로, 경쟁률은 11:1 이었습니다."
"컴퓨터정보공학과 정시 전형 수급자 전형의 최고, 최저, 평균 성적은 어떻게 되나요?","최고 91, 최저 77, 평균은 84 이었습니다."
컴퓨터정보공학과 정시 전형 수급자 전형의 예비번호는 어디까지 빠졌나요?,공개된 데이터가 없습니다.
전자공학과 수시 1차 일반고 전형의 경쟁률은 어떻게 되나요?,"총 모집인원은 35명, 지원인원은 228명으로, 경쟁률은 6.5:1 이었습니다."
"전자공학과 수시 1차 일반고 전형의 최고, 최저, 평균 성적은 어떻게 되나요?","최고 2.6, 최저 4.7, 평균은 4.0 이었습니다."
전자공학과 수시 1차 일반고 전형의 예비번호는 어디까지 빠졌나요?,88번까지 빠졌습니다.
전자공학과 수시 1차 특성화고 전형의 경쟁률은 어떻게 되나요?,"총 모집인원은 35명, 지원인원은 195명으로, 경쟁률은 5.6:1 이었습니다."
"전자공학과 수시 1차 특성화고 전형의 최고, 최저, 평균 성적은 어떻게 되나요?","최고 1.9, 최저 3.3, 평균은 2.6 이었습니다."
전자공학과 수시 1차 특성화고 전형의 예비번호는 어디까지 빠졌나요?,78번까지 빠졌습니다.
전자공학과 수시 2차 일반고 전형의 경쟁률은 어떻게 되나요?,"총 모집인원은 18명, 지원인원은 137명으로, 경쟁률은 7.6:1 이었습니다."
"전자공학과 수시 2차 일반고 전형의 최고, 최저, 평균 성적은 어떻게 되나요?","최고 2.0, 최저 4.3, 평균은 3.6 이었습니다."
전자공학과 수시 2차 일반고 전형의 예비번호는 어디까지 빠졌나요?,40번까지 빠졌습니다.
전자공학과 수시 2차 특성화고 전형의 경쟁률은 어떻게 되나요?,"총 모집인원은 17명, 지원인원은 92명으로, 경쟁률은 5.4:1 이었습니다."
"전자공학과 수시 2차 특성화고 전형의 최고, 최저, 평균 성적은 어떻게 되나요?","최고 1.8, 최저 2.8 평균은 2.5 이었습니다."
전자공학과 수시 2차 특성화고 전형의 예비번호는 어디까지 빠졌나요?,13번까지 빠졌습니다.
전자공학과 수시 2차 농어촌 전형의 경쟁률은 어떻게 되나요?,"총 모집인원은 1명, 지원인원은 2명으로, 경쟁률은 2:1 이었습니다."
"전자공학과 수시 2차 농어촌 전형의 최고, 최저, 평균 성적은 어떻게 되나요?","모집인원이 1명이었기 때문에 최고, 최저, 평균 모두 5.4 이었습니다."
전자공학과 수시 2차 농어촌 전형의 예비번호는 어디까지 빠졌나요?,예비번호가 없었습니다.
전자공학과 수시 2차 수급자 전형의 경쟁률은 어떻게 되나요?,"총 모집인원은 3명, 지원인원은 7명으로, 경쟁률은 2.3:1 이었습니다."
"전자공학과 수시 2차 수급자 전형의 최고, 최저, 평균 성적은 어떻게 되나요?","최고 3.9, 최저 4.0, 평균 3.9 이었습니다."
전자공학과 수시 2차 수급자 전형의 예비번호는 어디까지 빠졌나요?,1번까지 빠졌습니다.
전자공학과 정시 전형의 경쟁률은 어떻게 되나요?,"총 모집인원은 12명, 지원인원은 174명으로, 경쟁률은 14.5:1 이었습니다."
"전자공학과 정시 전형의 최고, 최저, 평균 성적은 어떻게 되나요?","최고 171, 최저 140, 평균은 151 이었습니다."
전자공학과 정시 전형의 예비번호는 어디까지 빠졌나요?,50번까지 빠졌습니다.
전자공학과 정시 전형 농어촌 전형의 경쟁률은 어떻게 되나요?,"총 모집인원은 1명, 지원인원은 2명으로, 경쟁률은 2:1 이었습니다."
"전자공학과 정시 전형 농어촌 전형의 최고, 최저, 평균 성적은 어떻게 되나요?",공개된 데이터가 없습니다.
전자공학과 정시 전형 농어촌 전형의 예비번호는 어디까지 빠졌나요?,공개된 데이터가 없습니다.
전자공학과 정시 전형 수급자 전형의 경쟁률은 어떻게 되나요?,"총 모집인원은 1명, 지원인원은 4명으로, 경쟁률은 4:1 이었습니다."
"전자공학과 정시 전형 수급자 전형의 최고, 최저, 평균 성적은 어떻게 되나요?","모집인원이 1명이었기 때문에 최고, 최저, 평균 모두 90 이었습니다."
전자공학과 정시 전형 수급자 전형의 예비번호는 어디까지 빠졌나요?,예비번호가 없었습니다.
컴퓨터시스템공학과 수시 1차 일반고 전형의 경쟁률은 어떻게 되나요?,"총 모집인원은 40명, 지원인원은 248명으로, 경쟁률은 6.2:1 이었습니다."
"컴퓨터시스템공학과 수시 1차 일반고 전형의 최고, 최저, 평균 성적은 어떻게 되나요?","최고 3.1, 최저 4.9, 평균은 4.3 이었습니다."
컴퓨터시스템공학과 수시 1차 일반고 전형의 예비번호는 어디까지 빠졌나요?,99번까지 빠졌습니다.
컴퓨터시스템공학과 수시 1차 특성화고 전형의 경쟁률은 어떻게 되나요?,"총 모집인원은 17명, 지원인원은 101명으로, 경쟁률은 5.9:1 이었습니다."
"컴퓨터시스템공학과 수시 1차 특성화고 전형의 최고, 최저, 평균 성적은 어떻게 되나요?","최고 2.2, 최저 3.3, 평균은 2.9 이었습니다."
컴퓨터시스템공학과 수시 1차 특성화고 전형의 예비번호는 어디까지 빠졌나요?,35번까지 빠졌습니다.
컴퓨터시스템공학과 수시 2차 일반고 전형의 경쟁률은 어떻게 되나요?,"총 모집인원은 20명, 지원인원은 106명으로, 경쟁률은 5.3:1 이었습니다."
"컴퓨터시스템공학과 수시 2차 일반고 전형의 최고, 최저, 평균 성적은 어떻게 되나요?","최고 3.0, 최저 4.8, 평균은 4.0 이었습니다."
컴퓨터시스템공학과 수시 2차 일반고 전형의 예비번호는 어디까지 빠졌나요?,46번까지 빠졌습니다.
컴퓨터시스템공학과 수시 2차 특성화고 전형의 경쟁률은 어떻게 되나요?,"총 모집인원은 9명, 지원인원은 43명으로, 경쟁률은 4.8:1 이었습니다."
"컴퓨터시스템공학과 수시 2차 특성화고 전형의 최고, 최저, 평균 성적은 어떻게 되나요?","최고 1.8, 최저 3.3 평균은 2.8 이었습니다."
컴퓨터시스템공학과 수시 2차 특성화고 전형의 예비번호는 어디까지 빠졌나요?,19번까지 빠졌습니다.
컴퓨터시스템공학과 수시 2차 농어촌 전형의 경쟁률은 어떻게 되나요?,"총 모집인원은 1명, 지원인원은 1명으로, 경쟁률은 1:1 이었습니다."
"컴퓨터시스템공학과 수시 2차 농어촌 전형의 최고, 최저, 평균 성적은 어떻게 되나요?","모집인원이 1명이었기 때문에 최고, 최저, 평균 모두 6.0 이었습니다."
컴퓨터시스템공학과 수시 2차 농어촌 전형의 예비번호는 어디까지 빠졌나요?,예비번호가 없었습니다.
컴퓨터시스템공학과 수시 2차 수급자 전형의 경쟁률은 어떻게 되나요?,"총 모집인원은 2명, 지원인원은 5명으로, 경쟁률은 2.5:1 이었습니다."
"컴퓨터시스템공학과 수시 2차 수급자 전형의 최고, 최저, 평균 성적은 어떻게 되나요?","최고 3.6, 최저 4.0, 평균 3.8 이었습니다."
컴퓨터시스템공학과 수시 2차 수급자 전형의 예비번호는 어디까지 빠졌나요?,예비번호가 없었습니다.
컴퓨터시스템공학과 정시 전형의 경쟁률은 어떻게 되나요?,"총 모집인원은 9명, 지원인원은 162명으로, 경쟁률은 18:1 이었습니다."
"컴퓨터시스템공학과 정시 전형의 최고, 최저, 평균 성적은 어떻게 되나요?","최고 173, 최저 143, 평균은 151 이었습니다."
컴퓨터시스템공학과 정시 전형의 예비번호는 어디까지 빠졌나요?,49번까지 빠졌습니다.
컴퓨터시스템공학과 정시 전형 농어촌 전형의 경쟁률은 어떻게 되나요?,"총 모집인원은 1명, 지원인원은 2명으로, 경쟁률은 2:1 이었습니다."
"컴퓨터시스템공학과 정시 전형 농어촌 전형의 최고, 최저, 평균 성적은 어떻게 되나요?",공개된 데이터가 없습니다.
컴퓨터시스템공학과 정시 전형 농어촌 전형의 예비번호는 어디까지 빠졌나요?,공개된 데이터가 없습니다.
컴퓨터시스템공학과 정시 전형 수급자 전형의 경쟁률은 어떻게 되나요?,"총 모집인원은 1명, 지원인원은 4명으로, 경쟁률은 4:1 이었습니다."
"컴퓨터시스템공학과 정시 전형 수급자 전형의 최고, 최저, 평균 성적은 어떻게 되나요?","모집인원이 1명이었기 때문에 최고, 최저, 평균 모두 35 이었습니다."
컴퓨터시스템공학과 정시 전형 수급자 전형의 예비번호는 어디까지 빠졌나요?,예비번호가 없었습니다.
건설환경공학과 수시 1차 일반고 전형의 경쟁률은 어떻게 되나요?,"총 모집인원은 43명, 지원인원은 318명으로, 경쟁률은 7.4:1 이었습니다."
"건설환경공학과 수시 1차 일반고 전형의 최고, 최저, 평균 성적은 어떻게 되나요?","최고 4.0, 최저 6.2, 평균은 5.4 이었습니다."
건설환경공학과 수시 1차 일반고 전형의 예비번호는 어디까지 빠졌나요?,112번까지 빠졌습니다.
건설환경공학과 수시 1차 특성화고 전형의 경쟁률은 어떻게 되나요?,"총 모집인원은 20명, 지원인원은 117명으로, 경쟁률은 5.9:1 이었습니다."
"건설환경공학과 수시 1차 특성화고 전형의 최고, 최저, 평균 성적은 어떻게 되나요?","최고 1.7, 최저 3.9, 평균은 3.1 이었습니다."
건설환경공학과 수시 1차 특성화고 전형의 예비번호는 어디까지 빠졌나요?,28번까지 빠졌습니다.
건설환경공학과 수시 2차 일반고 전형의 경쟁률은 어떻게 되나요?,"총 모집인원은 23명, 지원인원은 117명으로, 경쟁률은 5.1:1 이었습니다."
"건설환경공학과 수시 2차 일반고 전형의 최고, 최저, 평균 성적은 어떻게 되나요?","최고 3.9, 최저 6.1, 평균은 5.4 이었습니다."
건설환경공학과 수시 2차 일반고 전형의 예비번호는 어디까지 빠졌나요?,54번까지 빠졌습니다.
건설환경공학과 수시 2차 특성화고 전형의 경쟁률은 어떻게 되나요?,"총 모집인원은 10명, 지원인원은 32명으로, 경쟁률은 3.2:1 이었습니다."
"건설환경공학과 수시 2차 특성화고 전형의 최고, 최저, 평균 성적은 어떻게 되나요?","최고 3.0, 최저 4.1 평균은 3.6 이었습니다."
건설환경공학과 수시 2차 특성화고 전형의 예비번호는 어디까지 빠졌나요?,7번까지 빠졌습니다.
건설환경공학과 수시 2차 농어촌 전형의 경쟁률은 어떻게 되나요?,"총 모집인원은 1명, 지원인원은 2명으로, 경쟁률은 2:1 이었습니다."
"건설환경공학과 수시 2차 농어촌 전형의 최고, 최저, 평균 성적은 어떻게 되나요?",공개된 데이터가 없습니다.
건설환경공학과 수시 2차 농어촌 전형의 예비번호는 어디까지 빠졌나요?,공개된 데이터가 없습니다.
건설환경공학과 수시 2차 수급자 전형의 경쟁률은 어떻게 되나요?,"총 모집인원은 3명, 지원인원은 5명으로, 경쟁률은 1.7:1 이었습니다."
"건설환경공학과 수시 2차 수급자 전형의 최고, 최저, 평균 성적은 어떻게 되나요?","최고 3.6, 최저 4.2, 평균 4.0 이었습니다."
건설환경공학과 수시 2차 수급자 전형의 예비번호는 어디까지 빠졌나요?,예비번호가 없었습니다.
건설환경공학과 정시 전형의 경쟁률은 어떻게 되나요?,"총 모집인원은 11명, 지원인원은 138명으로, 경쟁률은 12.5:1 이었습니다."
"건설환경공학과 정시 전형의 최고, 최저, 평균 성적은 어떻게 되나요?","최고 142, 최저 114, 평균은 124 이었습니다."
건설환경공학과 정시 전형의 예비번호는 어디까지 빠졌나요?,32번까지 빠졌습니다.
건설환경공학과 정시 전형 농어촌 전형의 경쟁률은 어떻게 되나요?,"총 모집인원은 1명, 지원인원은 1명으로, 경쟁률은 1:1 이었습니다."
"건설환경공학과 정시 전형 농어촌 전형의 최고, 최저, 평균 성적은 어떻게 되나요?","모집인원이 1명이었기 때문에 최고, 최저, 평균 모두 125 이었습니다."
건설환경공학과 정시 전형 농어촌 전형의 예비번호는 어디까지 빠졌나요?,예비번호가 없었습니다.
건설환경공학과 정시 전형 수급자 전형의 경쟁률은 어떻게 되나요?,"총 모집인원은 1명, 지원인원은 2명으로, 경쟁률은 2:1 이었습니다."
"건설환경공학과 정시 전형 수급자 전형의 최고, 최저, 평균 성적은 어떻게 되나요?","모집인원이 1명이었기 때문에 최고, 최저, 평균 모두 47 이었습니다."
건설환경공학과 정시 전형 수급자 전형의 예비번호는 어디까지 빠졌나요?,예비번호가 없었습니다.
공간정보빅데이터학과 수시 1차 일반고 전형의 경쟁률은 어떻게 되나요?,"총 모집인원은 32명, 지원인원은 150명으로, 경쟁률은 4.7:1 이었습니다."
"공간정보빅데이터학과 수시 1차 일반고 전형의 최고, 최저, 평균 성적은 어떻게 되나요?","최고 3.6, 최저 5.7, 평균은 4.9 이었습니다."
공간정보빅데이터학과 수시 1차 일반고 전형의 예비번호는 어디까지 빠졌나요?,61번까지 빠졌습니다.
공간정보빅데이터학과 수시 1차 특성화고 전형의 경쟁률은 어떻게 되나요?,"총 모집인원은 13명, 지원인원은 39명으로, 경쟁률은 3:1 이었습니다."
"공간정보빅데이터학과 수시 1차 특성화고 전형의 최고, 최저, 평균 성적은 어떻게 되나요?","최고 2.8, 최저 4.8, 평균은 3.6 이었습니다."
공간정보빅데이터학과 수시 1차 특성화고 전형의 예비번호는 어디까지 빠졌나요?,15번까지 빠졌습니다.
공간정보빅데이터학과 수시 2차 일반고 전형의 경쟁률은 어떻게 되나요?,"총 모집인원은 16명, 지원인원은 74명으로, 경쟁률은 4.6:1 이었습니다."
"공간정보빅데이터학과 수시 2차 일반고 전형의 최고, 최저, 평균 성적은 어떻게 되나요?","최고 2.9, 최저 5.3, 평균은 4.6 이었습니다."
공간정보빅데이터학과 수시 2차 일반고 전형의 예비번호는 어디까지 빠졌나요?,24번까지 빠졌습니다.
공간정보빅데이터학과 수시 2차 특성화고 전형의 경쟁률은 어떻게 되나요?,"총 모집인원은 6명, 지원인원은 20명으로, 경쟁률은 3.3:1 이었습니다."
"공간정보빅데이터학과 수시 2차 특성화고 전형의 최고, 최저, 평균 성적은 어떻게 되나요?","최고 2.5, 최저 4.3 평균은 3.5 이었습니다."
공간정보빅데이터학과 수시 2차 특성화고 전형의 예비번호는 어디까지 빠졌나요?,5번까지 빠졌습니다.
공간정보빅데이터학과 수시 2차 농어촌 전형의 경쟁률은 어떻게 되나요?,"총 모집인원은 1명, 지원인원은 1명으로, 경쟁률은 1:1 이었습니다."
"공간정보빅데이터학과 수시 2차 농어촌 전형의 최고, 최저, 평균 성적은 어떻게 되나요?","모집인원이 1명이었기 때문에 최고, 최저, 평균 모두 5.4 이었습니다."
공간정보빅데이터학과 수시 2차 농어촌 전형의 예비번호는 어디까지 빠졌나요?,예비번호가 없었습니다.
공간정보빅데이터학과 수시 2차 수급자 전형의 경쟁률은 어떻게 되나요?,"총 모집인원은 1명, 지원인원은 3명으로, 경쟁률은 3:1 이었습니다."
"공간정보빅데이터학과 수시 2차 수급자 전형의 최고, 최저, 평균 성적은 어떻게 되나요?",공개된 데이터가 없습니다.
공간정보빅데이터학과 수시 2차 수급자 전형의 예비번호는 어디까지 빠졌나요?,공개된 데이터가 없습니다.
공간정보빅데이터학과 정시 전형의 경쟁률은 어떻게 되나요?,"총 모집인원은 7명, 지원인원은 90명으로, 경쟁률은 12.9:1 이었습니다."
"공간정보빅데이터학과 정시 전형의 최고, 최저, 평균 성적은 어떻게 되나요?","최고 173, 최저 106, 평균은 134 이었습니다."
공간정보빅데이터학과 정시 전형의 예비번호는 어디까지 빠졌나요?,44번까지 빠졌습니다.
공간정보빅데이터학과 정시 전형 농어촌 전형의 경쟁률은 어떻게 되나요?,"총 모집인원은 1명, 지원인원은 1명으로, 경쟁률은 1:1 이었습니다."
"공간정보빅데이터학과 정시 전형 농어촌 전형의 최고, 최저, 평균 성적은 어떻게 되나요?",공개된 데이터가 없습니다.
공간정보빅데이터학과 정시 전형 농어촌 전형의 예비번호는 어디까지 빠졌나요?,예비번호가 없었습니다.
공간정보빅데이터학과 정시 전형 수급자 전형의 경쟁률은 어떻게 되나요?,"총 모집인원은 1명, 지원인원은 3명으로, 경쟁률은 3:1 이었습니다."
"공간정보빅데이터학과 정시 전형 수급자 전형의 최고, 최저, 평균 성적은 어떻게 되나요?","모집인원이 1명이었기 때문에 최고, 최저, 평균 모두 90 이었습니다."
공간정보빅데이터학과 정시 전형 수급자 전형의 예비번호는 어디까지 빠졌나요?,예비번호가 없었습니다.
건축학과 수시 1차 일반고 전형의 경쟁률은 어떻게 되나요?,"총 모집인원은 40명, 지원인원은 285명으로, 경쟁률은 7.1:1 이었습니다."
"건축학과 수시 1차 일반고 전형의 최고, 최저, 평균 성적은 어떻게 되나요?","최고 3.5, 최저 5.1, 평균은 4.5 이었습니다."
건축학과 수시 1차 일반고 전형의 예비번호는 어디까지 빠졌나요?,95번까지 빠졌습니다.
건축학과 수시 1차 특성화고 전형의 경쟁률은 어떻게 되나요?,"총 모집인원은 10명, 지원인원은 83명으로, 경쟁률은 8.3:1 이었습니다."
"건축학과 수시 1차 특성화고 전형의 최고, 최저, 평균 성적은 어떻게 되나요?","최고 2.3, 최저 3.4, 평균은 2.8 이었습니다."
건축학과 수시 1차 특성화고 전형의 예비번호는 어디까지 빠졌나요?,35번까지 빠졌습니다.
건축학과 수시 2차 일반고 전형의 경쟁률은 어떻게 되나요?,"총 모집인원은 20명, 지원인원은 121명으로, 경쟁률은 6.1:1 이었습니다."
"건축학과 수시 2차 일반고 전형의 최고, 최저, 평균 성적은 어떻게 되나요?","최고 2.9, 최저 4.9, 평균은 4.3 이었습니다."
건축학과 수시 2차 일반고 전형의 예비번호는 어디까지 빠졌나요?,45번까지 빠졌습니다.
건축학과 수시 2차 특성화고 전형의 경쟁률은 어떻게 되나요?,"총 모집인원은 5명, 지원인원은 32명으로, 경쟁률은 6.4:1 이었습니다."
"건축학과 수시 2차 특성화고 전형의 최고, 최저, 평균 성적은 어떻게 되나요?","최고 1.5, 최저 2.5 평균은 2.1 이었습니다."
건축학과 수시 2차 특성화고 전형의 예비번호는 어디까지 빠졌나요?,5번까지 빠졌습니다.
건축학과 수시 2차 농어촌 전형의 경쟁률은 어떻게 되나요?,"총 모집인원은 1명, 지원인원은 2명으로, 경쟁률은 2:1 이었습니다."
"건축학과 수시 2차 농어촌 전형의 최고, 최저, 평균 성적은 어떻게 되나요?","모집인원이 1명이었기 때문에 최고, 최저, 평균 모두 6.9 이었습니다."
건축학과 수시 2차 농어촌 전형의 예비번호는 어디까지 빠졌나요?,예비번호가 없었습니다.
건축학과 수시 2차 수급자 전형의 경쟁률은 어떻게 되나요?,"총 모집인원은 2명, 지원인원은 8명으로, 경쟁률은 4:1 이었습니다."
"건축학과 수시 2차 수급자 전형의 최고, 최저, 평균 성적은 어떻게 되나요?","최고 3.4, 최저 4.0, 평균은 3.7 이었습니다."
건축학과 수시 2차 수급자 전형의 예비번호는 어디까지 빠졌나요?,2번까지 빠졌습니다.
건축학과 정시 전형의 경쟁률은 어떻게 되나요?,"총 모집인원은 9명, 지원인원은 166명으로, 경쟁률은 18.4:1 이었습니다."
"건축학과 정시 전형의 최고, 최저, 평균 성적은 어떻게 되나요?","최고 185, 최저 138, 평균은 148 이었습니다."
건축학과 정시 전형의 예비번호는 어디까지 빠졌나요?,27번까지 빠졌습니다.
건축학과 정시 전형 농어촌 전형의 경쟁률은 어떻게 되나요?,"총 모집인원은 1명, 지원인원은 3명으로, 경쟁률은 3:1 이었습니다."
"건축학과 정시 전형 농어촌 전형의 최고, 최저, 평균 성적은 어떻게 되나요?","모집인원이 1명이었기 때문에 최고, 최저, 평균 모두 116 이었습니다."
건축학과 정시 전형 농어촌 전형의 예비번호는 어디까지 빠졌나요?,예비번호가 없었습니다.
건축학과 정시 전형 수급자 전형의 경쟁률은 어떻게 되나요?,"총 모집인원은 1명, 지원인원은 5명으로, 경쟁률은 5:1 이었습니다."
"건축학과 정시 전형 수급자 전형의 최고, 최저, 평균 성적은 어떻게 되나요?","최고 66, 최저 54, 평균은 42 이었습니다."
건축학과 정시 전형 수급자 전형의 예비번호는 어디까지 빠졌나요?,공개된 데이터가 없습니다.
실내건축학과 수시 1차 일반고 전형의 경쟁률은 어떻게 되나요?,"총 모집인원은 38명, 지원인원은 274명으로, 경쟁률은 7.2:1 이었습니다."
"실내건축학과 수시 1차 일반고 전형의 최고, 최저, 평균 성적은 어떻게 되나요?","최고 3.1, 최저 5.0, 평균은 4.4 이었습니다."
실내건축학과 수시 1차 일반고 전형의 예비번호는 어디까지 빠졌나요?,103번까지 빠졌습니다.
실내건축학과 수시 1차 특성화고 전형의 경쟁률은 어떻게 되나요?,"총 모집인원은 16명, 지원인원은 134명으로, 경쟁률은 8.4:1 이었습니다."
"실내건축학과 수시 1차 특성화고 전형의 최고, 최저, 평균 성적은 어떻게 되나요?","최고 1.4, 최저 3.0, 평균은 2.7 이었습니다."
실내건축학과 수시 1차 특성화고 전형의 예비번호는 어디까지 빠졌나요?,21번까지 빠졌습니다.
실내건축학과 수시 2차 일반고 전형의 경쟁률은 어떻게 되나요?,"총 모집인원은 19명, 지원인원은 107명으로, 경쟁률은 5.6:1 이었습니다."
"실내건축학과 수시 2차 일반고 전형의 최고, 최저, 평균 성적은 어떻게 되나요?","최고 2.2, 최저 4.9, 평균은 4.2 이었습니다."
실내건축학과 수시 2차 일반고 전형의 예비번호는 어디까지 빠졌나요?,41번까지 빠졌습니다.
실내건축학과 수시 2차 특성화고 전형의 경쟁률은 어떻게 되나요?,"총 모집인원은 8명, 지원인원은 56명으로, 경쟁률은 7:1 이었습니다."
"실내건축학과 수시 2차 특성화고 전형의 최고, 최저, 평균 성적은 어떻게 되나요?","최고 2.3, 최저 2.9 평균은 2.6 이었습니다."
실내건축학과 수시 2차 특성화고 전형의 예비번호는 어디까지 빠졌나요?,4번까지 빠졌습니다.
실내건축학과 수시 2차 농어촌 전형의 경쟁률은 어떻게 되나요?,"총 모집인원은 1명, 지원인원은 3명으로, 경쟁률은 3:1 이었습니다."
"실내건축학과 수시 2차 농어촌 전형의 최고, 최저, 평균 성적은 어떻게 되나요?","모집인원이 1명이었기 때문에 최고, 최저, 평균 모두 5.4 이었습니다."
실내건축학과 수시 2차 농어촌 전형의 예비번호는 어디까지 빠졌나요?,예비번호가 없었습니다.
실내건축학과 수시 2차 수급자 전형의 경쟁률은 어떻게 되나요?,"총 모집인원은 2명, 지원인원은 16명으로, 경쟁률은 8:1 이었습니다."
"실내건축학과 수시 2차 수급자 전형의 최고, 최저, 평균 성적은 어떻게 되나요?","최고 3.3, 최저 4.9, 평균은 4.1 이었습니다."
실내건축학과 수시 2차 수급자 전형의 예비번호는 어디까지 빠졌나요?,4번까지 빠졌습니다.
실내건축학과 정시 전형의 경쟁률은 어떻게 되나요?,"총 모집인원은 9명, 지원인원은 131명으로, 경쟁률은 14.6:1 이었습니다."
"실내건축학과 정시 전형의 최고, 최저, 평균 성적은 어떻게 되나요?","최고 168, 최저 131, 평균은 147 이었습니다."
실내건축학과 정시 전형의 예비번호는 어디까지 빠졌나요?,40번까지 빠졌습니다.
실내건축학과 정시 전형 농어촌 전형의 경쟁률은 어떻게 되나요?,"총 모집인원은 1명, 지원인원은 3명으로, 경쟁률은 3:1 이었습니다."
"실내건축학과 정시 전형 농어촌 전형의 최고, 최저, 평균 성적은 어떻게 되나요?","최고 140, 최저 84, 평균은 112 이었습니다."
실내건축학과 정시 전형 농어촌 전형의 예비번호는 어디까지 빠졌나요?,2번까지 빠졌습니다.
실내건축학과 정시 전형 수급자 전형의 경쟁률은 어떻게 되나요?,"총 모집인원은 1명, 지원인원은 8명으로, 경쟁률은 8:1 이었습니다."
"실내건축학과 정시 전형 수급자 전형의 최고, 최저, 평균 성적은 어떻게 되나요?","최고 91, 최저 48, 평균은 69 이었습니다."
실내건축학과 정시 전형 수급자 전형의 예비번호는 어디까지 빠졌나요?,공개된 데이터가 없습니다.
화학생명공학과 수시 1차 일반고 전형의 경쟁률은 어떻게 되나요?,"총 모집인원은 63명, 지원인원은 346명으로, 경쟁률은 5.5:1 이었습니다."
"화학생명공학과 수시 1차 일반고 전형의 최고, 최저, 평균 성적은 어떻게 되나요?","최고 2.0, 최저 4.3, 평균은 3.4 이었습니다."
화학생명공학과 수시 1차 일반고 전형의 예비번호는 어디까지 빠졌나요?,128번까지 빠졌습니다.
화학생명공학과 수시 1차 특성화고 전형의 경쟁률은 어떻게 되나요?,"총 모집인원은 6명, 지원인원은 83명으로, 경쟁률은 13.8:1 이었습니다."
"화학생명공학과 수시 1차 특성화고 전형의 최고, 최저, 평균 성적은 어떻게 되나요?","최고 1.0, 최저 2.1, 평균은 1.6 이었습니다."
화학생명공학과 수시 1차 특성화고 전형의 예비번호는 어디까지 빠졌나요?,22번까지 빠졌습니다.
화학생명공학과 수시 2차 일반고 전형의 경쟁률은 어떻게 되나요?,"총 모집인원은 32명, 지원인원은 173명으로, 경쟁률은 5.4:1 이었습니다."
"화학생명공학과 수시 2차 일반고 전형의 최고, 최저, 평균 성적은 어떻게 되나요?","최고 1.3, 최저 3.9, 평균은 3.1 이었습니다."
화학생명공학과 수시 2차 일반고 전형의 예비번호는 어디까지 빠졌나요?,59번까지 빠졌습니다.
화학생명공학과 수시 2차 특성화고 전형의 경쟁률은 어떻게 되나요?,"총 모집인원은 3명, 지원인원은 37명으로, 경쟁률은 12.3:1 이었습니다."
"화학생명공학과 수시 2차 특성화고 전형의 최고, 최저, 평균 성적은 어떻게 되나요?","최고 1.6, 최저 1.8 평균은 1.9 이었습니다."
화학생명공학과 수시 2차 특성화고 전형의 예비번호는 어디까지 빠졌나요?,2번까지 빠졌습니다.
화학생명공학과 수시 2차 농어촌 전형의 경쟁률은 어떻게 되나요?,"총 모집인원은 1명, 지원인원은 4명으로, 경쟁률은 4:1 이었습니다."
"화학생명공학과 수시 2차 농어촌 전형의 최고, 최저, 평균 성적은 어떻게 되나요?","최고 2.3, 최저 2.5, 평균은 2.4 이었습니다."
화학생명공학과 수시 2차 농어촌 전형의 예비번호는 어디까지 빠졌나요?,1번까지 빠졌습니다.
화학생명공학과 수시 2차 수급자 전형의 경쟁률은 어떻게 되나요?,"총 모집인원은 3명, 지원인원은 9명으로, 경쟁률은 3:1 이었습니다."
"화학생명공학과 수시 2차 수급자 전형의 최고, 최저, 평균 성적은 어떻게 되나요?","최고 2.1, 최저 4.6, 평균은 3.6 이었습니다."
화학생명공학과 수시 2차 수급자 전형의 예비번호는 어디까지 빠졌나요?,3번까지 빠졌습니다.
화학생명공학과 정시 전형의 경쟁률은 어떻게 되나요?,"총 모집인원은 12명, 지원인원은 195명으로, 경쟁률은 16.3:1 이었습니다."
"화학생명공학과 정시 전형의 최고, 최저, 평균 성적은 어떻게 되나요?","최고 195, 최저 162, 평균은 173 이었습니다."
화학생명공학과 정시 전형의 예비번호는 어디까지 빠졌나요?,37번까지 빠졌습니다.
화학생명공학과 정시 전형 농어촌 전형의 경쟁률은 어떻게 되나요?,"총 모집인원은 1명, 지원인원은 6명으로, 경쟁률은 6:1 이었습니다."
"화학생명공학과 정시 전형 농어촌 전형의 최고, 최저, 평균 성적은 어떻게 되나요?","최고, 최저, 평균 모두 101 이었습니다."
화학생명공학과 정시 전형 농어촌 전형의 예비번호는 어디까지 빠졌나요?,2번까지 빠졌습니다.
화학생명공학과 정시 전형 수급자 전형의 경쟁률은 어떻게 되나요?,"총 모집인원은 1명, 지원인원은 4명으로, 경쟁률은 4:1 이었습니다."
"화학생명공학과 정시 전형 수급자 전형의 최고, 최저, 평균 성적은 어떻게 되나요?","최고 87, 최저 73, 평균은 80 이었습니다."
화학생명공학과 정시 전형 수급자 전형의 예비번호는 어디까지 빠졌나요?,공개된 데이터가 없습니다.
재료공학과 수시 1차 일반고 전형의 경쟁률은 어떻게 되나요?,"총 모집인원은 58명, 지원인원은 178명으로, 경쟁률은 3.1:1 이었습니다."
"재료공학과 수시 1차 일반고 전형의 최고, 최저, 평균 성적은 어떻게 되나요?","최고 4.5, 최저 6.4, 평균은 5.4 이었습니다."
재료공학과 수시 1차 일반고 전형의 예비번호는 어디까지 빠졌나요?,83번까지 빠졌습니다.
재료공학과 수시 1차 특성화고 전형의 경쟁률은 어떻게 되나요?,"총 모집인원은 14명, 지원인원은 68명으로, 경쟁률은 4.9:1 이었습니다."
"재료공학과 수시 1차 특성화고 전형의 최고, 최저, 평균 성적은 어떻게 되나요?","최고 2.0, 최저 3.5, 평균은 2.9 이었습니다."
재료공학과 수시 1차 특성화고 전형의 예비번호는 어디까지 빠졌나요?,15번까지 빠졌습니다.
재료공학과 수시 2차 일반고 전형의 경쟁률은 어떻게 되나요?,"총 모집인원은 28명, 지원인원은 106명으로, 경쟁률은 3.8:1 이었습니다."
"재료공학과 수시 2차 일반고 전형의 최고, 최저, 평균 성적은 어떻게 되나요?","최고 2.8, 최저 6.0, 평균은 5.2 이었습니다."
재료공학과 수시 2차 일반고 전형의 예비번호는 어디까지 빠졌나요?,49번까지 빠졌습니다.
재료공학과 수시 2차 특성화고 전형의 경쟁률은 어떻게 되나요?,"총 모집인원은 8명, 지원인원은 33명으로, 경쟁률은 4.1:1 이었습니다."
"재료공학과 수시 2차 특성화고 전형의 최고, 최저, 평균 성적은 어떻게 되나요?","최고 1.9, 최저 3.3 평균은 2.8 이었습니다."
재료공학과 수시 2차 특성화고 전형의 예비번호는 어디까지 빠졌나요?,2번까지 빠졌습니다.
재료공학과 수시 2차 농어촌 전형의 경쟁률은 어떻게 되나요?,"총 모집인원은 1명, 지원인원은 1명으로, 경쟁률은 1:1 이었습니다."
"재료공학과 수시 2차 농어촌 전형의 최고, 최저, 평균 성적은 어떻게 되나요?",공개된 데이터가 없습니다.
재료공학과 수시 2차 농어촌 전형의 예비번호는 어디까지 빠졌나요?,예비번호가 없었습니다.
재료공학과 수시 2차 수급자 전형의 경쟁률은 어떻게 되나요?,"총 모집인원은 3명, 지원인원은 6명으로, 경쟁률은 2:1 이었습니다."
"재료공학과 수시 2차 수급자 전형의 최고, 최저, 평균 성적은 어떻게 되나요?","최고 6.3, 최저 7.0, 평균은 6.6 이었습니다."
재료공학과 수시 2차 수급자 전형의 예비번호는 어디까지 빠졌나요?,1번까지 빠졌습니다.
재료공학과 정시 전형의 경쟁률은 어떻게 되나요?,"총 모집인원은 12명, 지원인원은 118명으로, 경쟁률은 9.8:1 이었습니다."
"재료공학과 정시 전형의 최고, 최저, 평균 성적은 어떻게 되나요?","최고 161, 최저 123, 평균은 135 이었습니다."
재료공학과 정시 전형의 예비번호는 어디까지 빠졌나요?,29번까지 빠졌습니다.
재료공학과 정시 전형 농어촌 전형의 경쟁률은 어떻게 되나요?,"총 모집인원은 1명, 지원인원은 2명으로, 경쟁률은 2:1 이었습니다."
"재료공학과 정시 전형 농어촌 전형의 최고, 최저, 평균 성적은 어떻게 되나요?",공개된 데이터가 없습니다.
재료공학과 정시 전형 농어촌 전형의 예비번호는 어디까지 빠졌나요?,공개된 데이터가 없습니다.
재료공학과 정시 전형 수급자 전형의 경쟁률은 어떻게 되나요?,"총 모집인원은 1명, 지원인원은 1명으로, 경쟁률은 1:1 이었습니다."
"재료공학과 정시 전형 수급자 전형의 최고, 최저, 평균 성적은 어떻게 되나요?",공개된 데이터가 없습니다.
재료공학과 정시 전형 수급자 전형의 예비번호는 어디까지 빠졌나요?,예비번호가 없었습니다.
항공운항과 수시 1차 일반고 전형의 경쟁률은 어떻게 되나요?,"총 모집인원은 110명, 지원인원은 1, 979명으로, 경쟁률은 18:1 이었습니다."
"항공운항과 수시 1차 일반고 전형의 최고, 최저, 평균 성적은 어떻게 되나요?",평균은 4.7 이었습니다.
항공운항과 수시 1차 일반고 전형의 예비번호는 어디까지 빠졌나요?,11번까지 빠졌습니다.
항공운항과 수시 1차 특성화고 전형의 경쟁률은 어떻게 되나요?,"총 모집인원은 8명, 지원인원은 239명으로, 경쟁률은 29.9:1 이었습니다."
"항공운항과 수시 1차 특성화고 전형의 최고, 최저, 평균 성적은 어떻게 되나요?",평균은 3.3 이었습니다.
항공운항과 수시 1차 특성화고 전형의 예비번호는 어디까지 빠졌나요?,공개된 데이터가 없습니다.
항공운항과 수시 1차 특기자(영어/일어) 전형의 경쟁률은 어떻게 되나요?,"총 모집인원은 14명, 지원인원은 141명으로, 경쟁률은 10.1:1 이었습니다."
"항공운항과 수시 1차 특기자(영어/일어) 전형의 최고, 최저, 평균 성적은 어떻게 되나요?",평균은 815 이었습니다.
항공운항과 수시 1차 특기자(영어/일어) 전형의 예비번호는 어디까지 빠졌나요?,1번까지 빠졌습니다.
항공운항과 수시 2차 일반고 전형의 경쟁률은 어떻게 되나요?,"총 모집인원은 28명, 지원인원은 1, 091명으로, 경쟁률은 39:1 이었습니다."
"항공운항과 수시 2차 일반고 전형의 최고, 최저, 평균 성적은 어떻게 되나요?",평균은 4.3 이었습니다.
항공운항과 수시 2차 일반고 전형의 예비번호는 어디까지 빠졌나요?,3번까지 빠졌습니다.
항공운항과 수시 2차 특성화고 전형의 경쟁률은 어떻게 되나요?,"총 모집인원은 4명, 지원인원은 139명으로, 경쟁률은 34.8:1 이었습니다."
"항공운항과 수시 2차 특성화고 전형의 최고, 최저, 평균 성적은 어떻게 되나요?",평균은 3.5 이었습니다.
항공운항과 수시 2차 특성화고 전형의 예비번호는 어디까지 빠졌나요?,공개된 데이터가 없습니다.
항공운항과 수시 2차 특기자(영어/일어) 전형의 경쟁률은 어떻게 되나요?,"총 모집인원은 5명, 지원인원은 84명으로, 경쟁률은 16.8:1 이었습니다."
"항공운항과 수시 2차 특기자(영어/일어) 전형의 최고, 최저, 평균 성적은 어떻게 되나요?",평균은 748 이었습니다.
항공운항과 수시 2차 특기자(영어/일어) 전형의 예비번호는 어디까지 빠졌나요?,공개된 데이터가 없습니다.
항공운항과 수시 2차 농어촌 전형의 경쟁률은 어떻게 되나요?,"총 모집인원은 6명, 지원인원은 75명으로, 경쟁률은 12.5:1 이었습니다."
"항공운항과 수시 2차 농어촌 전형의 최고, 최저, 평균 성적은 어떻게 되나요?",평균은 4.6 이었습니다.
항공운항과 수시 2차 농어촌 전형의 예비번호는 어디까지 빠졌나요?,3번까지 빠졌습니다.
항공운항과 수시 2차 수급자 전형의 경쟁률은 어떻게 되나요?,"총 모집인원은 3명, 지원인원은 55명으로, 경쟁률은 18.3:1 이었습니다."
"항공운항과 수시 2차 수급자 전형의 최고, 최저, 평균 성적은 어떻게 되나요?",평균은 4.7 이었습니다.
항공운항과 수시 2차 수급자 전형의 예비번호는 어디까지 빠졌나요?,4번까지 빠졌습니다.
항공운항과 정시 전형의 경쟁률은 어떻게 되나요?,"총 모집인원은 19명, 지원인원은 269명으로, 경쟁률은 14.2:1 이었습니다."
"항공운항과 정시 전형의 최고, 최저, 평균 성적은 어떻게 되나요?",평균은 123 이었습니다.
항공운항과 정시 전형의 예비번호는 어디까지 빠졌나요?,공개된 데이터가 없습니다.
항공운항과 정시 전형 농어촌 전형의 경쟁률은 어떻게 되나요?,"총 모집인원은 1명, 지원인원은 7명으로, 경쟁률은 7:1 이었습니다."
"항공운항과 정시 전형 농어촌 전형의 최고, 최저, 평균 성적은 어떻게 되나요?",평균은 96 이었습니다.
항공운항과 정시 전형 농어촌 전형의 예비번호는 어디까지 빠졌나요?,5번까지 빠졌습니다.
항공운항과 정시 전형 수급자 전형의 경쟁률은 어떻게 되나요?,"총 모집인원은 1명, 지원인원은 11명으로, 경쟁률은 11:1 이었습니다."
"항공운항과 정시 전형 수급자 전형의 최고, 최저, 평균 성적은 어떻게 되나요?",평균은 57 이었습니다.
항공운항과 정시 전형 수급자 전형의 예비번호는 어디까지 빠졌나요?,공개된 데이터가 없습니다.
관광경영학과 수시 1차 일반고 전형의 경쟁률은 어떻게 되나요?,"총 모집인원은 52명, 지원인원은 121명으로, 경쟁률은 2.3:1 이었습니다."
"관광경영학과 수시 1차 일반고 전형의 최고, 최저, 평균 성적은 어떻게 되나요?",평균은 5.9 이었습니다.
관광경영학과 수시 1차 일반고 전형의 예비번호는 어디까지 빠졌나요?,32번까지 빠졌습니다.
관광경영학과 수시 1차 특성화고 전형의 경쟁률은 어떻게 되나요?,"총 모집인원은 8명, 지원인원은 39명으로, 경쟁률은 4.9:1 이었습니다."
"관광경영학과 수시 1차 특성화고 전형의 최고, 최저, 평균 성적은 어떻게 되나요?",평균은 3.7 이었습니다.
관광경영학과 수시 1차 특성화고 전형의 예비번호는 어디까지 빠졌나요?,4번까지 빠졌습니다.
관광경영학과 수시 2차 일반고 전형의 경쟁률은 어떻게 되나요?,"총 모집인원은 23명, 지원인원은 85명으로, 경쟁률은 3.7:1 이었습니다."
"관광경영학과 수시 2차 일반고 전형의 최고, 최저, 평균 성적은 어떻게 되나요?",평균은 5.6 이었습니다.
관광경영학과 수시 2차 일반고 전형의 예비번호는 어디까지 빠졌나요?,23번까지 빠졌습니다.
관광경영학과 수시 2차 특성화고 전형의 경쟁률은 어떻게 되나요?,"총 모집인원은 5명, 지원인원은 23명으로, 경쟁률은 4.6:1 이었습니다."
"관광경영학과 수시 2차 특성화고 전형의 최고, 최저, 평균 성적은 어떻게 되나요?",평균은 4.2 이었습니다.
관광경영학과 수시 2차 특성화고 전형의 예비번호는 어디까지 빠졌나요?,2번까지 빠졌습니다.
관광경영학과 수시 2차 농어촌 전형의 경쟁률은 어떻게 되나요?,"총 모집인원은 1명, 지원인원은 2명으로, 경쟁률은 2:1 이었습니다."
"관광경영학과 수시 2차 농어촌 전형의 최고, 최저, 평균 성적은 어떻게 되나요?",평균은 4.9 이었습니다.
관광경영학과 수시 2차 농어촌 전형의 예비번호는 어디까지 빠졌나요?,공개된 데이터가 없습니다.
관광경영학과 수시 2차 수급자 전형의 경쟁률은 어떻게 되나요?,"총 모집인원은 4명, 지원인원은 8명으로, 경쟁률은 2:1 이었습니다."
"관광경영학과 수시 2차 수급자 전형의 최고, 최저, 평균 성적은 어떻게 되나요?",평균은 4.8 이었습니다.
관광경영학과 수시 2차 수급자 전형의 예비번호는 어디까지 빠졌나요?,공개된 데이터가 없습니다.
관광경영학과 정시 전형의 경쟁률은 어떻게 되나요?,"총 모집인원은 11명, 지원인원은 50명으로, 경쟁률은 4.5:1 이었습니다."
"관광경영학과 정시 전형의 최고, 최저, 평균 성적은 어떻게 되나요?",평균은 95 이었습니다.
관광경영학과 정시 전형의 예비번호는 어디까지 빠졌나요?,10번까지 빠졌습니다.
관광경영학과 정시 전형 농어촌 전형의 경쟁률은 어떻게 되나요?,"총 모집인원은 1명, 지원인원은 0명 이었습니다."
"관광경영학과 정시 전형 농어촌 전형의 최고, 최저, 평균 성적은 어떻게 되나요?",모집된 인원이 없었습니다.
관광경영학과 정시 전형 농어촌 전형의 예비번호는 어디까지 빠졌나요?,모집된 인원이 없었습니다.
관광경영학과 정시 전형 수급자 전형의 경쟁률은 어떻게 되나요?,"총 모집인원은 1명, 지원인원은 2명으로, 경쟁률은 2:1 이었습니다."
"관광경영학과 정시 전형 수급자 전형의 최고, 최저, 평균 성적은 어떻게 되나요?",평균은 25이었습니다.
관광경영학과 정시 전형 수급자 전형의 예비번호는 어디까지 빠졌나요?,공개된 데이터가 없습니다.
경영비서학과 수시 1차 일반고 전형의 경쟁률은 어떻게 되나요?,"총 모집인원은 64명, 지원인원은 97명으로, 경쟁률은 1.5:1 이었습니다."
"경영비서학과 수시 1차 일반고 전형의 최고, 최저, 평균 성적은 어떻게 되나요?",평균은 5.9 이었습니다.
경영비서학과 수시 1차 일반고 전형의 예비번호는 어디까지 빠졌나요?,17번까지 빠졌습니다.
경영비서학과 수시 1차 특성화고 전형의 경쟁률은 어떻게 되나요?,"총 모집인원은 8명, 지원인원은 37명으로, 경쟁률은 4.6:1 이었습니다."
"경영비서학과 수시 1차 특성화고 전형의 최고, 최저, 평균 성적은 어떻게 되나요?",평균은 4.4 이었습니다.
경영비서학과 수시 1차 특성화고 전형의 예비번호는 어디까지 빠졌나요?,24번까지 빠졌습니다.
경영비서학과 수시 2차 일반고 전형의 경쟁률은 어떻게 되나요?,"총 모집인원은 17명, 지원인원은 41명으로, 경쟁률은 2.4:1 이었습니다."
"경영비서학과 수시 2차 일반고 전형의 최고, 최저, 평균 성적은 어떻게 되나요?",평균은 6.1 이었습니다.
경영비서학과 수시 2차 일반고 전형의 예비번호는 어디까지 빠졌나요?,11번까지 빠졌습니다.
경영비서학과 수시 2차 특성화고 전형의 경쟁률은 어떻게 되나요?,"총 모집인원은 3명, 지원인원은 10명으로, 경쟁률은 3.3:1 이었습니다."
"경영비서학과 수시 2차 특성화고 전형의 최고, 최저, 평균 성적은 어떻게 되나요?",평균은 5.2 이었습니다.
경영비서학과 수시 2차 특성화고 전형의 예비번호는 어디까지 빠졌나요?,1번까지 빠졌습니다.
경영비서학과 수시 2차 농어촌 전형의 경쟁률은 어떻게 되나요?,"총 모집인원은 1명, 지원인원은 1명으로, 경쟁률은 1:1 이었습니다."
"경영비서학과 수시 2차 농어촌 전형의 최고, 최저, 평균 성적은 어떻게 되나요?","모집인원이 1명이었기 때문에 최고, 최저, 평균 모두 7.2 이었습니다."
경영비서학과 수시 2차 농어촌 전형의 예비번호는 어디까지 빠졌나요?,예비번호가 없었습니다.
경영비서학과 수시 2차 수급자 전형의 경쟁률은 어떻게 되나요?,"총 모집인원은 4명, 지원인원은 6명으로, 경쟁률은 1.5:1 이었습니다."
"경영비서학과 수시 2차 수급자 전형의 최고, 최저, 평균 성적은 어떻게 되나요?",평균은 5.4 이었습니다.
경영비서학과 수시 2차 수급자 전형의 예비번호는 어디까지 빠졌나요?,공개된 데이터가 없습니다.
경영비서학과 정시 전형의 경쟁률은 어떻게 되나요?,"총 모집인원은 12명, 지원인원은 21명으로, 경쟁률은 1.8:1 이었습니다."
"경영비서학과 정시 전형의 최고, 최저, 평균 성적은 어떻게 되나요?",평균은 101 이었습니다.
경영비서학과 정시 전형의 예비번호는 어디까지 빠졌나요?,공개된 데이터가 없습니다.
경영비서학과 정시 전형 농어촌 전형의 경쟁률은 어떻게 되나요?,"총 모집인원은 1명, 지원인원은 0명 이었습니다."
"경영비서학과 정시 전형 농어촌 전형의 최고, 최저, 평균 성적은 어떻게 되나요?",모집된 인원이 없었습니다.
경영비서학과 정시 전형 농어촌 전형의 예비번호는 어디까지 빠졌나요?,모집된 인원이 없었습니다.
경영비서학과 정시 전형 수급자 전형의 경쟁률은 어떻게 되나요?,"총 모집인원은 1명, 지원인원은 1명으로, 경쟁률은 1:1 이었습니다."
"경영비서학과 정시 전형 수급자 전형의 최고, 최저, 평균 성적은 어떻게 되나요?",공개된 데이터가 없습니다.
경영비서학과 정시 전형 수급자 전형의 예비번호는 어디까지 빠졌나요?,공개된 데이터가 없습니다.
호텔경영학과 수시 1차 일반고 전형의 경쟁률은 어떻게 되나요?,"총 모집인원은 55명, 지원인원은 245명으로, 경쟁률은 4.5:1 이었습니다."
"호텔경영학과 수시 1차 일반고 전형의 최고, 최저, 평균 성적은 어떻게 되나요?",평균은 5.5 이었습니다.
호텔경영학과 수시 1차 일반고 전형의 예비번호는 어디까지 빠졌나요?,36번까지 빠졌습니다.
호텔경영학과 수시 1차 특성화고 전형의 경쟁률은 어떻게 되나요?,"총 모집인원은 16명, 지원인원은 88명으로, 경쟁률은 5.5:1 이었습니다."
"호텔경영학과 수시 1차 특성화고 전형의 최고, 최저, 평균 성적은 어떻게 되나요?",평균은 3.9 이었습니다.
호텔경영학과 수시 1차 특성화고 전형의 예비번호는 어디까지 빠졌나요?,11번까지 빠졌습니다.
호텔경영학과 수시 2차 일반고 전형의 경쟁률은 어떻게 되나요?,"총 모집인원은 15명, 지원인원은 95명으로, 경쟁률은 6.3:1 이었습니다."
"호텔경영학과 수시 2차 일반고 전형의 최고, 최저, 평균 성적은 어떻게 되나요?",평균은 5.0 이었습니다.
호텔경영학과 수시 2차 일반고 전형의 예비번호는 어디까지 빠졌나요?,2번까지 빠졌습니다.
호텔경영학과 수시 2차 특성화고 전형의 경쟁률은 어떻게 되나요?,"총 모집인원은 4명, 지원인원은 25명으로, 경쟁률은 6.3:1 이었습니다."
"호텔경영학과 수시 2차 특성화고 전형의 최고, 최저, 평균 성적은 어떻게 되나요?",평균은 3.3 이었습니다.
호텔경영학과 수시 2차 특성화고 전형의 예비번호는 어디까지 빠졌나요?,2번까지 빠졌습니다.
호텔경영학과 수시 2차 농어촌 전형의 경쟁률은 어떻게 되나요?,"총 모집인원은 1명, 지원인원은 2명으로, 경쟁률은 2:1 이었습니다."
"호텔경영학과 수시 2차 농어촌 전형의 최고, 최저, 평균 성적은 어떻게 되나요?",평균은 4.7 이었습니다.
호텔경영학과 수시 2차 농어촌 전형의 예비번호는 어디까지 빠졌나요?,공개된 데이터가 없습니다.
호텔경영학과 수시 2차 수급자 전형의 경쟁률은 어떻게 되나요?,"총 모집인원은 4명, 지원인원은 9명으로, 경쟁률은 2.3:1 이었습니다."
"호텔경영학과 수시 2차 수급자 전형의 최고, 최저, 평균 성적은 어떻게 되나요?",평균은 5.4 이었습니다.
호텔경영학과 수시 2차 수급자 전형의 예비번호는 어디까지 빠졌나요?,공개된 데이터가 없습니다.
호텔경영학과 정시 전형의 경쟁률은 어떻게 되나요?,"총 모집인원은 11명, 지원인원은 70명으로, 경쟁률은 6.4:1 이었습니다."
"호텔경영학과 정시 전형의 최고, 최저, 평균 성적은 어떻게 되나요?",평균은 96 이었습니다.
호텔경영학과 정시 전형의 예비번호는 어디까지 빠졌나요?,5번까지 빠졌습니다.
호텔경영학과 정시 전형 농어촌 전형의 경쟁률은 어떻게 되나요?,"총 모집인원은 1명, 지원인원은 0명 이었습니다."
"호텔경영학과 정시 전형 농어촌 전형의 최고, 최저, 평균 성적은 어떻게 되나요?",모집된 인원이 없었습니다.
호텔경영학과 정시 전형 농어촌 전형의 예비번호는 어디까지 빠졌나요?,모집된 인원이 없었습니다.
호텔경영학과 정시 전형 수급자 전형의 경쟁률은 어떻게 되나요?,"총 모집인원은 1명, 지원인원은 1명으로, 경쟁률은 1:1 이었습니다."
"호텔경영학과 정시 전형 수급자 전형의 최고, 최저, 평균 성적은 어떻게 되나요?",공개된 데이터가 없습니다.
호텔경영학과 정시 전형 수급자 전형의 예비번호는 어디까지 빠졌나요?,공개된 데이터가 없습니다.
산업디자인학과 수시 1차 일반고 전형의 경쟁률은 어떻게 되나요?,"총 모집인원은 21명, 지원인원은 178명으로, 경쟁률은 8.5:1 이었습니다."
"산업디자인학과 수시 1차 일반고 전형의 최고, 최저, 평균 성적은 어떻게 되나요?","최고 3.2, 최저 4.9, 평균은 4.1 이었습니다."
산업디자인학과 수시 1차 일반고 전형의 예비번호는 어디까지 빠졌나요?,56번까지 빠졌습니다.
산업디자인학과 수시 1차 특성화고 전형의 경쟁률은 어떻게 되나요?,"총 모집인원은 19명, 지원인원은 122명으로, 경쟁률은 6.4:1 이었습니다."
"산업디자인학과 수시 1차 특성화고 전형의 최고, 최저, 평균 성적은 어떻게 되나요?","최고 1.8, 최저 4.1, 평균은 3.0 이었습니다."
산업디자인학과 수시 1차 특성화고 전형의 예비번호는 어디까지 빠졌나요?,63번까지 빠졌습니다.
산업디자인학과 수시 2차 일반고 전형의 경쟁률은 어떻게 되나요?,"총 모집인원은 8명, 지원인원은 86명으로, 경쟁률은 10.8:1 이었습니다."
"산업디자인학과 수시 2차 일반고 전형의 최고, 최저, 평균 성적은 어떻게 되나요?","최고 3.7, 최저 4.9, 평균은 4.3 이었습니다."
산업디자인학과 수시 2차 일반고 전형의 예비번호는 어디까지 빠졌나요?,39번까지 빠졌습니다.
산업디자인학과 수시 2차 특성화고 전형의 경쟁률은 어떻게 되나요?,"총 모집인원은 11명, 지원인원은 52명으로, 경쟁률은 4.7:1 이었습니다."
"산업디자인학과 수시 2차 특성화고 전형의 최고, 최저, 평균 성적은 어떻게 되나요?","최고 2.1, 최저 4.6, 평균은 3.3 이었습니다."
산업디자인학과 수시 2차 특성화고 전형의 예비번호는 어디까지 빠졌나요?,18번까지 빠졌습니다.
산업디자인학과 수시 2차 농어촌 전형의 경쟁률은 어떻게 되나요?,"총 모집인원은 1명, 지원인원은 2명으로, 경쟁률은 2:1 이었습니다."
"산업디자인학과 수시 2차 농어촌 전형의 최고, 최저, 평균 성적은 어떻게 되나요?",공개된 데이터가 없습니다.
산업디자인학과 수시 2차 농어촌 전형의 예비번호는 어디까지 빠졌나요?,공개된 데이터가 없습니다.
산업디자인학과 수시 2차 수급자 전형의 경쟁률은 어떻게 되나요?,"총 모집인원은 1명, 지원인원은 7명으로, 경쟁률은 7:1 이었습니다."
"산업디자인학과 수시 2차 수급자 전형의 최고, 최저, 평균 성적은 어떻게 되나요?","최고, 최저, 평균 모두 6.1 이었습니다."
산업디자인학과 수시 2차 수급자 전형의 예비번호는 어디까지 빠졌나요?,4번까지 빠졌습니다.
산업디자인학과 정시 전형의 경쟁률은 어떻게 되나요?,"총 모집인원은 7명, 지원인원은 131명으로, 경쟁률은 18.7:1 이었습니다."
"산업디자인학과 정시 전형의 최고, 최저, 평균 성적은 어떻게 되나요?","최고 165, 최저 147, 평균은 156 이었습니다."
산업디자인학과 정시 전형의 예비번호는 어디까지 빠졌나요?,35번까지 빠졌습니다.
산업디자인학과 정시 전형 농어촌 전형의 경쟁률은 어떻게 되나요?,"총 모집인원은 1명, 지원인원은 2명으로, 경쟁률은 2:1 이었습니다."
"산업디자인학과 정시 전형 농어촌 전형의 최고, 최저, 평균 성적은 어떻게 되나요?",공개된 데이터가 없습니다.
산업디자인학과 정시 전형 농어촌 전형의 예비번호는 어디까지 빠졌나요?,공개된 데이터가 없습니다.
산업디자인학과 정시 전형 수급자 전형의 경쟁률은 어떻게 되나요?,"총 모집인원은 1명, 지원인원은 4명으로, 경쟁률은 4:1 이었습니다."
"산업디자인학과 정시 전형 수급자 전형의 최고, 최저, 평균 성적은 어떻게 되나요?","모집인원이 1명이었기 때문에 최고, 최저, 평균 모두 52 이었습니다."
산업디자인학과 정시 전형 수급자 전형의 예비번호는 어디까지 빠졌나요?,예비번호가 없었습니다.
패션디자인학과 수시 1차 일반고 전형의 경쟁률은 어떻게 되나요?,"총 모집인원은 34명, 지원인원은 193명으로, 경쟁률은 5.7:1 이었습니다."
"패션디자인학과 수시 1차 일반고 전형의 최고, 최저, 평균 성적은 어떻게 되나요?",평균은 5.5 이었습니다.
패션디자인학과 수시 1차 일반고 전형의 예비번호는 어디까지 빠졌나요?,15번까지 빠졌습니다.
패션디자인학과 수시 1차 특성화고 전형의 경쟁률은 어떻게 되나요?,"총 모집인원은 8명, 지원인원은 70명으로, 경쟁률은 8.8:1 이었습니다."
"패션디자인학과 수시 1차 특성화고 전형의 최고, 최저, 평균 성적은 어떻게 되나요?",평균은 3.7 이었습니다.
패션디자인학과 수시 1차 특성화고 전형의 예비번호는 어디까지 빠졌나요?,13번까지 빠졌습니다.
패션디자인학과 수시 2차 일반고 전형의 경쟁률은 어떻게 되나요?,"총 모집인원은 13명, 지원인원은 83명으로, 경쟁률은 6.4:1 이었습니다."
"패션디자인학과 수시 2차 일반고 전형의 최고, 최저, 평균 성적은 어떻게 되나요?",평균은 5.3 이었습니다.
패션디자인학과 수시 2차 일반고 전형의 예비번호는 어디까지 빠졌나요?,9번까지 빠졌습니다.
패션디자인학과 수시 2차 특성화고 전형의 경쟁률은 어떻게 되나요?,"총 모집인원은 7명, 지원인원은 37명으로, 경쟁률은 5.3:1 이었습니다."
"패션디자인학과 수시 2차 특성화고 전형의 최고, 최저, 평균 성적은 어떻게 되나요?",평균은 4.8 이었습니다.
패션디자인학과 수시 2차 특성화고 전형의 예비번호는 어디까지 빠졌나요?,공개된 데이터가 없습니다.
패션디자인학과 수시 2차 농어촌 전형의 경쟁률은 어떻게 되나요?,"총 모집인원은 1명, 지원인원은 3명으로, 경쟁률은 3:1 이었습니다."
"패션디자인학과 수시 2차 농어촌 전형의 최고, 최저, 평균 성적은 어떻게 되나요?",평균은 6.8 이었습니다.
패션디자인학과 수시 2차 농어촌 전형의 예비번호는 어디까지 빠졌나요?,1번까지 빠졌습니다.
패션디자인학과 수시 2차 수급자 전형의 경쟁률은 어떻게 되나요?,"총 모집인원은 1명, 지원인원은 4명으로, 경쟁률은 4:1 이었습니다."
"패션디자인학과 수시 2차 수급자 전형의 최고, 최저, 평균 성적은 어떻게 되나요?",평균은 6.0 이었습니다.
패션디자인학과 수시 2차 수급자 전형의 예비번호는 어디까지 빠졌나요?,공개된 데이터가 없습니다.
패션디자인학과 정시 전형의 경쟁률은 어떻게 되나요?,"총 모집인원은 8명, 지원인원은 78명으로, 경쟁률은 9.8:1 이었습니다."
"패션디자인학과 정시 전형의 최고, 최저, 평균 성적은 어떻게 되나요?",평균은 117 이었습니다.
패션디자인학과 정시 전형의 예비번호는 어디까지 빠졌나요?,4번까지 빠졌습니다.
패션디자인학과 정시 전형 농어촌 전형의 경쟁률은 어떻게 되나요?,"총 모집인원은 1명, 지원인원은 2명으로, 경쟁률은 2:1 이었습니다."
"패션디자인학과 정시 전형 농어촌 전형의 최고, 최저, 평균 성적은 어떻게 되나요?",평균은 97 이었습니다.
패션디자인학과 정시 전형 농어촌 전형의 예비번호는 어디까지 빠졌나요?,공개된 데이터가 없습니다.
패션디자인학과 정시 전형 수급자 전형의 경쟁률은 어떻게 되나요?,"총 모집인원은 1명, 지원인원은 1명으로, 경쟁률은 1:1 이었습니다."
"패션디자인학과 정시 전형 수급자 전형의 최고, 최저, 평균 성적은 어떻게 되나요?",공개된 데이터가 없습니다.
패션디자인학과 정시 전형 수급자 전형의 예비번호는 어디까지 빠졌나요?,공개된 데이터가 없습니다.
항공경영학과 수시 1차 일반고 전형의 경쟁률은 어떻게 되나요?,24년부터 남/녀 구분없이 지원으로 변경되어 과년도 데이터가 없습니다.
"항공경영학과 수시 1차 일반고 전형의 최고, 최저, 평균 성적은 어떻게 되나요?",24년부터 남/녀 구분없이 지원으로 변경되어 과년도 데이터가 없습니다.
항공경영학과 수시 1차 일반고 전형의 예비번호는 어디까지 빠졌나요?,24년부터 남/녀 구분없이 지원으로 변경되어 과년도 데이터가 없습니다.
항공경영학과 수시 1차 특성화고 전형의 경쟁률은 어떻게 되나요?,24년부터 남/녀 구분없이 지원으로 변경되어 과년도 데이터가 없습니다.
"항공경영학과 수시 1차 특성화고 전형의 최고, 최저, 평균 성적은 어떻게 되나요?",24년부터 남/녀 구분없이 지원으로 변경되어 과년도 데이터가 없습니다.
항공경영학과 수시 1차 특성화고 전형의 예비번호는 어디까지 빠졌나요?,24년부터 남/녀 구분없이 지원으로 변경되어 과년도 데이터가 없습니다.
항공경영학과 수시 2차 일반고 전형의 경쟁률은 어떻게 되나요?,24년부터 남/녀 구분없이 지원으로 변경되어 과년도 데이터가 없습니다.
"항공경영학과 수시 2차 일반고 전형의 최고, 최저, 평균 성적은 어떻게 되나요?",24년부터 남/녀 구분없이 지원으로 변경되어 과년도 데이터가 없습니다.
항공경영학과 수시 2차 일반고 전형의 예비번호는 어디까지 빠졌나요?,24년부터 남/녀 구분없이 지원으로 변경되어 과년도 데이터가 없습니다.
항공경영학과 수시 2차 특성화고 전형의 경쟁률은 어떻게 되나요?,24년부터 남/녀 구분없이 지원으로 변경되어 과년도 데이터가 없습니다.
"항공경영학과 수시 2차 특성화고 전형의 최고, 최저, 평균 성적은 어떻게 되나요?",24년부터 남/녀 구분없이 지원으로 변경되어 과년도 데이터가 없습니다.
항공경영학과 수시 2차 특성화고 전형의 예비번호는 어디까지 빠졌나요?,24년부터 남/녀 구분없이 지원으로 변경되어 과년도 데이터가 없습니다.
항공경영학과 수시 2차 농어촌 전형의 경쟁률은 어떻게 되나요?,24년부터 남/녀 구분없이 지원으로 변경되어 과년도 데이터가 없습니다.
"항공경영학과 수시 2차 농어촌 전형의 최고, 최저, 평균 성적은 어떻게 되나요?",24년부터 남/녀 구분없이 지원으로 변경되어 과년도 데이터가 없습니다.
항공경영학과 수시 2차 농어촌 전형의 예비번호는 어디까지 빠졌나요?,24년부터 남/녀 구분없이 지원으로 변경되어 과년도 데이터가 없습니다.
항공경영학과 수시 2차 수급자 전형의 경쟁률은 어떻게 되나요?,24년부터 남/녀 구분없이 지원으로 변경되어 과년도 데이터가 없습니다.
"항공경영학과 수시 2차 수급자 전형의 최고, 최저, 평균 성적은 어떻게 되나요?",24년부터 남/녀 구분없이 지원으로 변경되어 과년도 데이터가 없습니다.
항공경영학과 수시 2차 수급자 전형의 예비번호는 어디까지 빠졌나요?,24년부터 남/녀 구분없이 지원으로 변경되어 과년도 데이터가 없습니다.
항공경영학과 정시 전형의 경쟁률은 어떻게 되나요?,24년부터 남/녀 구분없이 지원으로 변경되어 과년도 데이터가 없습니다.
"항공경영학과 정시 전형의 최고, 최저, 평균 성적은 어떻게 되나요?",24년부터 남/녀 구분없이 지원으로 변경되어 과년도 데이터가 없습니다.
항공경영학과 정시 전형의 예비번호는 어디까지 빠졌나요?,24년부터 남/녀 구분없이 지원으로 변경되어 과년도 데이터가 없습니다.
항공경영학과 정시 전형 농어촌 전형의 경쟁률은 어떻게 되나요?,24년부터 남/녀 구분없이 지원으로 변경되어 과년도 데이터가 없습니다.
"항공경영학과 정시 전형 농어촌 전형의 최고, 최저, 평균 성적은 어떻게 되나요?",24년부터 남/녀 구분없이 지원으로 변경되어 과년도 데이터가 없습니다.
항공경영학과 정시 전형 농어촌 전형의 예비번호는 어디까지 빠졌나요?,24년부터 남/녀 구분없이 지원으로 변경되어 과년도 데이터가 없습니다.
항공경영학과 정시 전형 수급자 전형의 경쟁률은 어떻게 되나요?,24년부터 남/녀 구분없이 지원으로 변경되어 과년도 데이터가 없습니다.
"항공경영학과 정시 전형 수급자 전형의 최고, 최저, 평균 성적은 어떻게 되나요?",24년부터 남/녀 구분없이 지원으로 변경되어 과년도 데이터가 없습니다.
항공경영학과 정시 전형 수급자 전형의 예비번호는 어디까지 빠졌나요?,24년부터 남/녀 구분없이 지원으로 변경되어 과년도 데이터가 없습니다.
학교 시설은 어떤가요?,"본관과 1호관 ~ 11호관 건물, 생활관 및 복사실, 주차장 등 다양한 편의시설이 있습니다. "
주차장이 있나요?,"있습니다. 캠퍼스 내 다수의 주차칸이 있으며, 주차칸이 모두 사용 중일 때에는 운동장에 주차를 할 수 있습니다."
주차장 정기권이 있나요?,"1달 정기권과 6개월 정기권이 있으며, 각각 15, 000원과 60, 000원 입니다. 다만 우리대학 주차관리실에 등록해야 합니다."
주차장 이용비가 있나요?,있습니다. 이용비는 시간당 비용 부과 방식과 정기권 이용 방식으로 결제할 수 있습니다.
주차비는 얼마인가요?,"우리대학 주차관리실에 등록한 학생이라면 1시간 무료 + 시간당 300원의 비용이 발생합니다. 일반 방문차량은 20분 무료, 최초 30분 1, 000원 + 30분당 500원의 비용이 발생합니다."
주차장 할인권이 뭔가요?,"우리대학 주차관리실에 등록된 계정에서 구매 가능한 할인권으로, 1시간 500원, 4시간 1, 000원, 24시간 2, 000원으로 총 3가지의 할인권이 있습니다."
편의시설은 어떤게 있나요?,"캠퍼스 내 CU 편의점 2곳, 카페, 학생식당, 복사실, 휴게실, 개방PC실, 스터디카페 등이 있습니다. 자세한 사항 및 사진은 우리대학 홈페이지를 참고하시기 바랍니다."
개방 PC실이 뭔가요?,우리대학 학생이라면 제한없이 사용 가능한 공용 PC가 있는 곳 입니다.
개방 PC실에 대해서 설명해주세요.,우리대학 학생이라면 제한없이 사용 가능한 공용 PC가 있는 곳 입니다.
휴게실에 대해서 설명해주세요.,"우리대학 여학생이 이용할 수 있는 휴게실로, 6호관 1층 111호에 위치해 있습니다."
동아리는 어떤게 있나요?,"동아리는 일반동아리와 전공동아리, 총 2개로 나뉘어집니다. 일반동아리는 학과 구분없이 우리대학 학생이면 모두 가입 가능하며 문화예술, 학술, 체육 등 다양한 분야를 중점으로 활동합니다. 전공동아리는 학과별로 구분되며 각 학과의 지도교수님과 학생들로 구성되어 전공소양을 쌓고 다양한 활동을 하는 것을 중점으로 활동합니다."
일반동아리는 어떤 동아리들이 있나요?,"문화예술, 봉사, 종교, 체육, 학술 총 5개 분야가 있으며, 각 분야 소속 동아리는 다음과 같습니다. 문화예술: 만화패알, 인하DSLR, A.S.A, IL.D, T·△·S 봉사: 인하원점회 종교: 한국대학생선교회 체육: 인하태권도, 인하테니스, 인하행글라이더, INSSA, 산악부 학술: 외솔동인회, IECC"
만화패알은 어떤 동아리인가요?,"만화패알의 정보는 2022년 기준으로 다음과 같습니다. 목적 : 만화를 좋아하는 사람들의 친목도모 활동 : 만화축제 참여, 학교축제 참여 회원수 : 45명 지도교수 : 변창우"
인하DSLR은 어떤 동아리인가요?,"인하DSLR의 정보는 2022년 기준으로 다음과 같습니다. 목적 : 사진을 좋아하는 사람들의 취미활동 및 친목도모 활동 : 근교 명소 출사, 사진전시회 참관 등 회원수 : 22명 지도교수 : 박경식"
A.S.A는 어떤 동아리인가요?,"A.S.A의 정보는 2022년 기준으로 다음과 같습니다. 목적 : 악기연주, 노래연습을 통한 그룹공연 활동 : 정기공연, 학교행사 찬조 출연 회원수 : 32명 지도교수 : 김희동"
IL.D는 어떤 동아리인가요?,"IL.D의 정보는 2022년 기준으로 다음과 같습니다. 목적 : 춤(dance) 연습 및 공연활동 활동 : 선후배 체육대회, 학교축제 참여 회원수 : 42명 지도교수 : 김동식"
T·△·S는 어떤 동아리인가요?,"T·△·S의 정보는 2022년 기준으로 다음과 같습니다. 목적 : 악기연주, 노래연습을 통한 그룹공연 활동 : 정기공연, 학교행사 찬조 출연 회원수 : 28명 지도교수 : 박용석"
인하원점회는 어떤 동아리인가요?,인하원점회의 정보는 2022년 기준으로 다음과 같습니다. 목적 : 불우이웃을 위한 재능기부 및 봉사활동 활동 : 독거노인 생필품 지원 김장 봉사 회원수 : 51명 지도교수 : 최원근
한국대학생선교회는 어떤 동아리인가요?,한국대학생선교회의 정보는 2022년 기준으로 다음과 같습니다. 목적 : 캠퍼스내 기독교 학생들의 교류 활동 : 신입생모집 및 선교대회 및 수련회 참여 회원수 : 21명 지도교수 : 박형진
 인하태권도는 어떤 동아리인가요?," 인하태권도의 정보는 2022년 기준으로 다음과 같습니다. 목적 : 태권도 수련을 통한 심신단련 활동 : 학기별 태권도 수련회, 승단 시험 회원수 : 28명 지도교수 : 현승권"
 인하테니스는 어떤 동아리인가요?,"인하테니스의 정보는 2022년 기준으로 다음과 같습니다. 목적 : 테니스를 통한 체력단련 및 친목도모 활동 : 수시모임, 테니스 운동 회원수 : 64명 지도교수 : 정영한"
 인하행글라이더는 어떤 동아리인가요?,인하행글라이더의 정보는 2022년 기준으로 다음과 같습니다. 목적 : 행글라이더 비행 인재양성 활동 : 행글라이더 비행 연습 회원수 : 28명 지도교수 : 정남균
INSSA는 어떤 동아리인가요?,INSSA의 정보는 2022년 기준으로 다음과 같습니다. 목적 : 축구를 통한 친목도모 활동 : 축구연습 친선경기 회원수 : 52명 지도교수 : 김미숙
 산악부는 어떤 동아리인가요?,"산악부의 정보는 2022년 기준으로 다음과 같습니다. 목적 : 산악인의 사명감과 소양 함양 활동 : 암벽등반, 백패킹야영, 글라이밍 훈련 회원수 : 37명 지도교수 : 장은석"
 외솔동인회는 어떤 동아리인가요?,"외솔동인회의 정보는 2022년 기준으로 다음과 같습니다. 목적 : 독서토론을 통한 자기개발 활동 : 독서, 독서토론회 회원수 : 37명 지도교수 : 이석영"
 IECC는 어떤 동아리인가요?,IECC의 정보는 2022년 기준으로 다음과 같습니다. 목적 : 영어회화 능력향상 활동 : 스터디그룹 구성 및 평가 회원수 : 35명 지도교수 : 김정현
전공동아리는 어떤 동아리들이 있나요?,전체 학과중 21개의 학과에서 41개의 전공동아리가 개설되어 있습니다.
기계공학과는 어떤 전공동아리가 있나요?,2022년 기준으로 다음과 같습니다. 동아리명: 파이 회원수: 10명 지도교수: 박용석
기계설계공학과는 어떤 전공동아리가 있나요?,2022년 기준으로 다음과 같습니다. 동아리명: ICS(Inha Cad Study) 회원수: 15명 지도교수: 장동환
메카트로닉스공학과는 어떤 전공동아리가 있나요?,2022년 기준으로 다음과 같습니다. 동아리명: RPM(Robot Power of Mechatronics) 회원수: 12명 지도교수: 고정환  동아리명: 모터 드라이빙 회원수: 17명 지도교수: 신정호
조선기계공학과는 어떤 전공동아리가 있나요?,2022년 기준으로 다음과 같습니다. 동아리명: 요트부(구.인하요트연구회) 회원수: 12명 지도교수: 이준  동아리명: 바다컴(BADA-COM) 회원수: 10명 지도교수: 류철호  동아리명: 인하무인선연구회 회원수: 10명 지도교수: 김현수
자동차공학과는 어떤 전공동아리가 있나요?,2022년 기준으로 다음과 같습니다. 동아리명: Powertrain연구회 회원수: 14명 지도교수: 김종우
전기공학과는 어떤 전공동아리가 있나요?,2022년 기준으로 다음과 같습니다. 동아리명: OpenGL 다이나믹 시뮬레이터 회원수: 10명 지도교수: 김상욱
전자공학과는 어떤 전공동아리가 있나요?,2022년 기준으로 다음과 같습니다. 동아리명: 카오스 회원수: 27명 지도교수: 김동원  동아리명: RS[알에스](로봇사랑) 회원수: 28명 지도교수: 구자일
컴퓨터정보공학과는 어떤 전공동아리가 있나요?,2022년 기준으로 다음과 같습니다. 동아리명: 모죽 회원수: 24명 지도교수: 조규철
컴퓨터시스템공학과는 어떤 전공동아리가 있나요?,2022년 기준으로 다음과 같습니다. 동아리명: J.A.P. 회원수: 26명 지도교수: 김기태  동아리명: ISI(Integrated System Interface) 회원수: 10명 지도교수: 김동식  동아리명: 유사모랩(u-SAMO LAB) 회원수: 32명 지도교수: 이세훈  동아리명: T3(The Talking Tag) 회원수: 11명 지도교수: 박병섭  동아리명: Object(오브젝트) 회원수: 15명 지도교수: 김철진
건설환경공학과는 어떤 전공동아리가 있나요?,2022년 기준으로 다음과 같습니다. 동아리명: 기사이 회원수: 11명 지도교수: 이성태  동아리명: IIS(Inhatec Infra-Safety) 회원수: 10명 지도교수: 남진원  동아리명: 인하 크리에이터 회원수: 10명 지도교수: 곽창원  동아리명:WOW(Water Of Wonder) 회원수: 12명 지도교수: 조용현
공간정보빅데이터학과는 어떤 전공동아리가 있나요?,2022년 기준으로 다음과 같습니다. 동아리명: GeoIoT 회원수: 46명 지도교수: 주용진  동아리명: 드론 아이(Eye) 회원수: 15명 지도교수: 김응남
건축학과는 어떤 전공동아리가 있나요?,2022년 기준으로 다음과 같습니다. 동아리명: 어간마루 회원수: 22명 지도교수: 김희교  동아리명: TETRIS(테트리스) 회원수: 26명 지도교수: 홍덕기  동아리명: actionBIM(액션비아이엠) 회원수: 19명 지도교수: 윤여진
실내건축학과는 어떤 전공동아리가 있나요?,2022년 기준으로 다음과 같습니다. 동아리명: 월 & 스페이스(Wall & Space) 회원수: 31명 지도교수: 조영배
화학생명공학과는 어떤 전공동아리가 있나요?,2022년 기준으로 다음과 같습니다. 동아리명: T.C.B. 회원수: 10명 지도교수: 이재성
재료공학과는 어떤 전공동아리가 있나요?,2022년 기준으로 다음과 같습니다. 동아리명: 쇠부리 회원수: 21명 지도교수: 이충도  동아리명: CAST 회원수: 11명 지도교수: 최봉재  동아리명: TED(Thin Film&Elecrtro-Deposition) 회원수: 10명 지도교수: 김경보
항공운항과는 어떤 전공동아리가 있나요?,2022년 기준으로 다음과 같습니다. 동아리명: E&M(EnM) 회원수: 15명 지도교수: 유문주  동아리명: VoA(Voice of ACSM) 회원수: 25명 지도교수: 예경희/김진실  동아리명: ACC(Aircrew Conversation Club) 회원수: 15명 지도교수: 박수진/김지영
항공경영학과는 어떤 전공동아리가 있나요?,2022년 기준으로 다음과 같습니다. 동아리명: 항공정보동아리 회원수: 16명 지도교수: 이휘영
관광경영학과는 어떤 전공동아리가 있나요?,2022년 기준으로 다음과 같습니다. 동아리명: 관광삼락 회원수: 54명 지도교수: 김재호
호텔경영학과는 어떤 전공동아리가 있나요?,2022년 기준으로 다음과 같습니다. 동아리명: 바블렛(구.아이딜링) 회원수: 17명 지도교수: 봉미희  동아리명: Petit Hotelier(쁘띠 호텔리어) 회원수: 21명 지도교수: 채신석
경영비서학과는 어떤 전공동아리가 있나요?,2022년 기준으로 다음과 같습니다. 동아리명: B.P.S.(Be a Professional Secretary) 회원수: 18명 지도교수: 김성진
산업디자인학과는 어떤 전공동아리가 있나요?,2022년 기준으로 다음과 같습니다. 동아리명: 가마터 회원수: 25명 지도교수: 류남희  동아리명: CGV(Computer Graphic Visual) 회원수: 20명 지도교수: 장은석
축제가 있나요?,"있습니다. 원점문화축제라고 하며, 매년 9~10월에 실시하고 있습니다."
축체에선 어떤걸 하나요?,"희망하는 학과/동아리별 특색있는 체험형 부스를 운영하며, 푸드트럭을 초청해 먹거리를 구매할 수 있는 환경을 조성합니다. 자체적으로 음식점 및 주점은 운영할 수 없으며 가요제, 가수초청 등 다양한 볼거리를 즐길 수 있습니다."
원점문화축제에선 어떤걸 하나요?,"희망하는 학과/동아리별 특색있는 체험형 부스를 운영하며, 푸드트럭을 초청해 먹거리를 구매할 수 있는 환경을 조성합니다. 자체적으로 음식점 및 주점은 운영할 수 없으며 가요제, 가수초청 등 다양한 볼거리를 즐길 수 있습니다."
체육대회가 있나요?,"있습니다. 원점체육대회라고 부르며, 매년 5월경 실시하고 있습니다. 재학생의 친목과 단합을 통하여 화합과 인하인의 소속감을 갖는 것을 목적으로 하고 있습니다."
체육대회에선 어떤걸 하나요?,"2023년을 기준으로, 3개 학과가 하나의 팀이 되어 각 팀별 점수를 운영해 최종 등수를 나눕니다. 풋살, 줄다리기, 2인3각, 원판뒤집기, 족구 등 다양한 종목을 운영하며 다양한 이벤트도 병행합니다. 운영 종목 및 이벤트, 팀 구성 기획과 같은 운영계획은 매년마다 달라질 수 있습니다."
원점체육대회에선 어떤걸 하나요?,"2023년을 기준으로, 3개 학과가 하나의 팀이 되어 각 팀별 점수를 운영해 최종 등수를 나눕니다. 풋살, 줄다리기, 2인3각, 원판뒤집기, 족구 등 다양한 종목을 운영하며 다양한 이벤트도 병행합니다. 운영 종목 및 이벤트, 팀 구성 기획과 같은 운영계획은 매년마다 달라질 수 있습니다."
도서관은 어디에 위치하고 있나요?,"7호관 1, 2층에 위치해 있습니다."
식당은 어디에 위치하고 있나요?,3호관 1층에 위치해 있습니다.
보건실은 어디에 위치하고 있나요?,5호관 108호에 위치해 있습니다.
스터디카페는 어디에 위치하고 있나요?,"3호관 1, 3, 4층과 5호관 1, 2층에 위치해 있습니다. "
복사실은 어디에 위치하고 있나요?,3호관 2층에 위치해 있습니다.
복사실 운영시간은 어떻게 되나요?,"평일은 오전 8:40 ~ 오후 6:00 입니다. 동계, 하계방학은 오전 9:30 ~ 오후 5:00 입니다. (토요일, 일요일, 국경일은 휴무)"
도서관의 열람실 운영 시간은 어떻게 되나요?,오전 6:00 ~ 오후 11:00(연중무휴) 입니다.
도서관에는 그룹 스터디 공간이 있나요?,있습니다.
재학생 등록금 납부기간은 언제입니까?,"1학기는 2월말 경, 2학기는 8월 말 경으로 예상하시면 됩니다. 정해진 등록기간 내에 등록금을 납부 하셔야 하며, 부득이 등록금을 납부하지 못한 학생은 별도의 등록안내 공지를 참조하여 등록하여야 합니다."
등록금 고지서는 집으로 발송하지 않나요?,발송하지 않습니다. 종합정보시스템에서 조회하거나 출력하여야 합니다.
등록금 고지서는 어디서 출력합니까?,종합정보시스템(http://icims.inhatc.ac.kr/intra) 로그인 → 등록 → 등록금고지서 → 등록학기 선택 → 등록금고지서 인쇄
등록금을 꼭 은행에 가서 납부해야 하나요?,"직접 은행에 가지 않더라도 고지서를 출력하여 금액 확인 후 전국 모든 은행 ATM, 인터넷 뱅킹 등을 이용하여 본인의 우리은행 지정계좌(학생명의, 일회성 등록금 입금계좌)로 입금하는 방법과 계좌이체로 등록하는 방법이 있습니다."
등록금 납부 확인은 어떻게 하나요?,"종합정보시스템(http://icims.inhatc.ac.kr/intra) 로그인 → 등록 → 교육비납입증명서 → 상세보기 → 조회 및 출력하기(우리은행 입금 당일, 타 은행 입금 후 1~2일)"
가상계좌에 입금되지 않는데 어떻게 하나요?,"입금해야 할 금액은 수업료 또는 수업료와 학생자치회비 합산금액으로 정확하게 입금하지 않거나 납부 시간 외 계좌이체, 입금 또는 주말, 공휴일에는 입금되지 않습니다."
등록금을 카드로 납부할 수 있습니까?,"현재 카드로는 등록금 납부가 불가합니다. 참고로 등록금 납부액은 카드사용, 현금영수증 소득공제에 해당되지 않으며 근로소득 연말정산 시 교육비 공제혜택을 받을 수 있습니다."
등록금을 내고 휴학할 수 있나요?,"가능합니다. 일반휴학은 수업일수 1/4선 이내, 군입대 휴학은 수업일수 3/4선 이내에 휴학할 경우 복학하는 학기 등록금으로 대체됩니다."
휴학할 경우 등록금을 납부해야 하나요?,수업일수 1/4선까지는 등록금 납부여부와 상관없이 휴학이 가능합니다.
등록금 환불은?,등록금 환불은 자퇴할 경우에만 반환되며 휴학했을 때는 반환되지 않습니다.
자퇴자는 등록금 환불이 어떻게 되나요?,"수업일수에 따라 환불이 됩니다. 만약 휴학하고 나서 자퇴할 경우에는 등록금을 납부한 학기 휴학일자를 기준으로 환불이 됩니다. 자퇴신청서를 작성하고 지도교수, 학회장 상담 및 서명을 받은 후에 은행계좌사본, 신분증을 지참하여 학생서비스센터에 접수하면 됩니다."
연말정산에 필요한 교육비 납입 증명서는 어떻게 받을 수 있나요?,"종합정보시스템(http://icims.inhatc.ac.kr/intra) 로그인 → 등록 → 교육비납입증명서 → 상세보기 → 조회 및 출력하기(우리은행 입금 당일, 타 은행 입금 후 1~2일)"
등록금고지서 화면이 안보이고 인쇄도 안되요?,"인터넷익스플로러(IE) 11이상 및 크롬(Chrome) 브라우저에서 정상 작동되며, 화면 해상도 1600*900 최적화 되어 있습니다.(최신브라우저 다운로드 : 크롬(Chrome), 인터넷익스플로러(IE) 11 이상) 시스템 문의 사항은 전산정보센터(032-870-2111)로 연락바랍니다."
분할납부 신청시기는 언제인가요?,"매년 2, 8월 초이며, 학생포털에서 공지사항의 분할납부신청안내를 참고하세요."
분할납부 신청은 어떻게 하나요?,종합정보시스템(http://icims.inhatc.ac.kr/intra)에 로그인 후 등록 → 분할납부관리 → 분할납부신청 메뉴에서 신청하시면 됩니다.
분할납부 회차별 지정계좌번호는 달라지나요?,지정계좌번호는 동일하므로 회차별 납부기간에 입금하면 됩니다.
분할납부 등록금 고지서는 어디서 출력하나요?,"등록관리 → 등록금고지서에서 출력하며, 은행을 방문하여 납부하실 경우에는 매회차별 고지서를 납부기간에 출력하여 사용하시면 됩니다."
분할납부 미납회차가 발생하면 어떻게 되나요?,"미등록 제직처리가 되며, 기 납부한 등록금은 학교재정으로 귀속됩니다. 단, 1회차 미납시에는 자동취소가 되고 등록금 전액을 납부해야 합니다."
분할납부 미납 중 휴학을 하려면 어떻게 해야 하나요?,미납회차 등록금을 완납해야 휴학이 가능합니다.
분할납부 미납 중 군입대 휴학을 할때도 나머지 등록금을 내야 하나요?,미납회차 등록금을 완납해야 휴학이 가능합니다.
분할납부 중 자퇴를 하면 돌려받는 등록금은 어떻게 되나요?,자퇴시점을 기준으로 반환금을 산정합니다.
분할납부 중 미납회차 등록금을 일시에 납부하려면 어떻게 해야 하나요?,분할납부 취소원을 방문 접수하고 일시납부 안내에 따라 등록금을 납부하면 됩니다.
분할납부를 취소하려면 어떻게 해야 하나요?,"학생서비스센터에 방문하여 취소시기에 분할납부취소원을 접수하면 됩니다. 단, 분납 1회 미납 시 자동취소되고 전액납부자로 변경됩니다."
